Workbook

Sheet Home Worksheet
A1: Home Page for Nessus Report_20251111145451
A2: host_scan_data
A3: ScanInfo
A4: CVSSv3 Score Total
A5: Information
A6: CPE Report Data
A7: Device Type
A8: HostConfigData
A9: portScanData
A10: Unix Policy
A11: UserAccountData
A12: Summary Report Data
... A19: Overall Summary Data
A20: Number of IP's Scanned | B20: 2
A21: Number of Discovered Systems | B21: 1
A23: Total Unique Critical Severity Vulnerability | B23: 0
A24: Total Unique High Severity Vulnerability | B24: 0
A25: Total Unique Medium Severity Vulnerability | B25: 0
A26: Total Unique Low Severity Vulnerability | B26: 0
A27: Total Unique Informational Severity Vulnerability | B27: 8
A29: Total Count of Critical Severity Vulnerability | B29: N/A
A30: Total Count of High Severity Vulnerability | B30: N/A
A31: Total Count of Medium Severity Vulnerability | B31: N/A
A32: Total Count of Low Severity Vulnerability | B32: N/A
A34: The most common Critical Severity vulnerability
A35: The most common high Severity vulnerability
A36: Number of System with a critical(4) Severity Vulnerability | B36: =COUNTIF(HostConfigData!M3:M3,">0") -> 0
A37: Number of System with a High(3) Severity Vulnerability | B37: =COUNTIF(HostConfigData!L3:L3,">0") -> 0
A38: Number of System with a Medium(2) Severity Vulnerability | B38: =COUNTIF(HostConfigData!K3:K3,">0") -> 0
A39: Number of System with a Low(1) Severity Vulnerability | B39: =COUNTIF(HostConfigData!J3:J3,">0") -> 0
A40: Number of System with a Informational(NONE-0) Severity Vulnerability | B40: =COUNTIF(HostConfigData!I3:I3,">0") -> 1

Sheet host_scan_data
A1: 'Home Worksheet'!A1
A2: File | B2: IP Address | C2: FQDN | D2: Plugin ID | E2: Protocol | F2: Port | G2: Severity | H2: Plugin Family | I2: Plugin Name | J2: CVSSv3 Vector | K2: CVSSv3 Base Score | L2: CVSSv3 Temporal Score | M2: Exploitability Ease | N2: Exploit Available | O2: Exploit Framework Canvas | P2: Exploit Framework Metasploit | Q2: Exploit Framework Core | R2: Metasploit Name | S2: Canvas Package | T2: Plugin Output
A3: oracle_post.nessus | B3: 192.168.0.75 | C3: RB-NT-201.redbelt.com.br | D3: 141118 | E3: tcp | F3: 22 | G3: 0 | H3: Settings | I3: Target Credential Status by Authentication Protocol - Valid Credentials Provided | J3: N/A | K3: N/A | L3: N/A | M3: N/A | N3: N/A | O3: N/A | P3: N/A | Q3: N/A | R3: N/A | S3: N/A | T3: |Nessus was able to log in to the remote host via the following :||User: 'master'|Port: 22|Proto: SSH|Method: password|Escalation: su_sudo|
A4: oracle_post.nessus | B4: 192.168.0.75 | C4: RB-NT-201.redbelt.com.br | D4: 102094 | E4: tcp | F4: 0 | G4: 0 | H4: Settings | I4: SSH Commands Require Privilege Escalation | J4: N/A | K4: N/A | L4: N/A | M4: N/A | N4: N/A | O4: N/A | P4: N/A | Q4: N/A | R4: N/A | S4: N/A | T4: |Login account : master|Commands failed due to privilege escalation failure:|- Escalation account : master + master| Escalation method : su + sudo| Plugins :| - Plugin Filename : host_tag_nix.nbin| Plugin ID : 87414| Plugin Name : Host Tagging (Linux)| - Command : "sh -c \"echo 8a6fd7ced0914969b04f0d2a1782b4a8 > /etc/tenable_tag && echo OK\""| Response : "sh: /etc/tenable_tag: Permission denied"| Error : ""| - Plugin Filename : ssh_get_info2.nasl| Plugin ID : 97993| Plugin Name : OS Identification and Installed Software Enumeration over SSH v2 (Using New SSH Library)| - Command : "lsmod | grep -q iptable_filter && iptables -L -n -v -t filter"| Response : "iptables v1.4.21: can't initialize iptables table `filter': Permission denied (you must be root)\nPerhaps iptables or your kernel needs to be upgraded."| Error : ""| - Command : "lsmod | grep -q _conntrack_ipv4 && iptables -L -n -v -t nat"| Response : "iptables v1.4.21: can't initialize iptables table `nat': Permission denied (you must be root)\nPerhaps iptables or your kernel needs to be upgraded."| Error : ""| - Command : "lsmod | grep -q iptable_mangle && iptables -L -n -v -t mangle"| Response : "iptables v1.4.21: can't initialize iptables table `mangle': Permission denied (you must be root)\nPerhaps iptables or your kernel needs to be upgraded."| Error : ""| - Plugin Filename : unix_compliance_check.nbin| Plugin ID : 21157| Plugin Name : Unix Compliance Checks| - Command : "LANG=C; echo \"Iy9iaW4vYmFzaAogIHsKICAgbF9ncnViX3Bhc3N3b3JkX2ZpbGU9IiQoZmluZCAvYm9vdCAtdHlwZSBmIC1uYW1lICd1c2VyLmNmZycgISAtZW1wdHkpIgogICBpZiBbIC1mICIkbF9ncnViX3Bhc3N3b3JkX2ZpbGUiIF07IHRoZW4KICAgICAgYXdrIC1GLiAnL15ccypHUlVCMl9QQVNTV09SRD1cUysvIHtwcmludCAkMSIuIiQyIi4iJDN9JyAiJGxfZ3J1Yl9wYXNzd29yZF9maWxlIgogICBmaQogICB9\" | openssl base64 -d -A | bash|cat"| Response : "find: '/boot/efi/EFI/redhat': Permission denied\nfind: '/boot/grub2': Permission denied"| Error : ""| - Command : "LANG=C; echo \"IyEvYmluL2Jhc2gKCnsKICAgbF9vdXRwdXQ9IiIgbF9vdXRwdXQyPSIiCiAgIGZpbGVfbXVnX2NoaygpCiAgIHsKICAgICAgbF9vdXQ9IiIgbF9vdXQyPSIiCiAgICAgIFtbICIkKGRpcm5hbWUgIiRsX2ZpbGUiKSIgPX4gXlwvYm9vdFwvZWZpXC9FRkkgXV0gJiYgbF9wbWFzaz0iMDA3NyIgfHwgbF9wbWFzaz0iMDE3NyIKICAgICAgbF9tYXhwZXJtPSIkKCBwcmludGYgJyVvJyAkKCggMDc3NyAmIH4kbF9wbWFzayApKSApIgogICAgICBpZiBbICQoKCAkbF9tb2RlICYgJGxfcG1hc2sgKSkgLWd0IDAgXTsgdGhlbgogICAgICAgICBsX291dDI9IiRsX291dDJcbiAgIC0gSXMgbW9kZSBcIiRsX21vZGVcIiBhbmQgc2hvdWxkIGJlIG1vZGU6IFwiJGxfbWF4cGVybVwiIG9yIG1vcmUgcmVzdHJpY3RpdmUiCiAgICAgIGVsc2UKICAgICAgICAgbF9vdXQ9IiRsX291dFxuICAgLSBJcyBjb3JyZWN0bHkgbW9kZTogXCIkbF9tb2RlXCIgd2hpY2ggaXMgbW9kZTogXCIkbF9tYXhwZXJtXCIgb3IgbW9yZSByZXN0cmljdGl2ZSIKICAgICAgZmkKICAgICAgaWYgWyAiJGxfdXNlciIgPSAicm9vdCIgXTsgdGhlbgogICAgICAgICBsX291dD0iJGxfb3V0XG4gICAtIElzIGNvcnJlY3RseSBvd25lZCBieSB1c2VyOiBcIiRsX3VzZXJcIiIKICAgICAgZWxzZQogICAgICAgICBsX291dDI9IiRsX291dDJcbiAgIC0gSXMgb3duZWQgYnkgdXNlcjogXCIkbF91c2VyXCIgYW5kIHNob3VsZCBiZSBvd25lZCBieSB1c2VyOiBcInJvb3RcIiIKICAgICAgZmkKICAgICAgaWYgWyAiJGxfZ3JvdXAiID0gInJvb3QiIF07IHRoZW4KICAgICAgICAgbF9vdXQ9IiRsX291dFxuICAgLSBJcyBjb3JyZWN0bHkgZ3JvdXAtb3duZWQgYnkgZ3JvdXA6IFwiJGxfdXNlclwiIgogICAgICBlbHNlCiAgICAgICAgIGxfb3V0Mj0iJGxfb3V0MlxuICAgLSBJcyBncm91cC1vd25lZCBieSBncm91cDogXCIkbF91c2VyXCIgYW5kIHNob3VsZCBiZSBncm91cC1vd25lZCBieSBncm91cDogXCJyb290XCIiCiAgICAgIGZpCiAgICAgIFsgLW4gIiRsX291dCIgXSAmJiBsX291dHB1dD0iJGxfb3V0cHV0XG4gIC0gRmlsZTogXCIkbF9maWxlXCIkbF9vdXRcbiIKICAgICAgWyAtbiAiJGxfb3V0MiIgXSAmJiBsX291dHB1dDI9IiRsX291dHB1dDJcbiAgLSBGaWxlOiBcIiRsX2ZpbGVcIiRsX291dDJcbiIKICAgfQogICB3aGlsZSBJRlM9IHJlYWQgLXIgLWQgJCdcMCcgbF9nZmlsZTsgZG8KICAgICAgd2hpbGUgcmVhZCAtciBsX2ZpbGUgbF9tb2RlIGxfdXNlciBsX2dyb3VwOyBkbwogICAgICAgICBmaWxlX211Z19jaGsKICAgICAgZG9uZSA8PDwgIiQoc3RhdCAtTGMgJyVuICUjYSAlVSAlRycgIiRsX2dmaWxlIikiCiAgIGRvbmUgPCA8KGZpbmQgL2Jvb3QgLXR5cGUgZiBcKCAtbmFtZSAnZ3J1YionIC1vIC1uYW1lICd1c2VyLmNmZycgXCkgLXByaW50MCkKICAgaWYgWyAteiAiJGxfb3V0cHV0MiIgXTsgdGhlbgogICAgICBlY2hvIC1lICJcbi0gQXVkaXQgUmVzdWx0OlxuICAqKiogUEFTUyAqKipcbi0gKiBDb3JyZWN0bHkgc2V0ICogOlxuJGxfb3V0cHV0XG4iCiAgIGVsc2UKICAgICAgZWNobyAtZSAiXG4tIEF1ZGl0IFJlc3VsdDpcbiAgKiogRkFJTCAqKlxuIC0gKiBSZWFzb25zIGZvciBhdWRpdCBmYWlsdXJlICogOlxuJGxfb3V0cHV0MlxuIgogICAgICBbIC1uICIkbF9vdXRwdXQiIF0gJiYgZWNobyAtZSAiIC0gKiBDb3JyZWN0bHkgc2V0ICogOlxuJGxfb3V0cHV0XG4iCiAgIGZpCn0=\" | openssl base64 -d -A | /bin/bash|cat"| Response : "find: '/boot/efi/EFI/redhat': Permission denied\nfind: '/boot/grub2': Permission denied\n\n- Audit Result:\n *** PASS ***\n- * Correctly set * :"| Error : ""| - Command : "LANG=C; echo \"IyEvYmluL2Jhc2gKICB7CiAgcG9ydHM9JCgvYmluL2dyZXAgLXMgLVAgIl4oUG9ydHxNYXRjaCkiIC9ldGMvc3NoL3NzaGRfY29uZmlnIC9ldGMvc3NoL3NzaGRfY29uZmlnLmQvKi5jb25mIHwgL2Jpbi9ncmVwIC1QIC1vICIoUG9ydHxMb2NhbFBvcnQpW1xzXStbXGRdKyIgfCAvYmluL2F3ayAne3ByaW50ICQyfTsgRU5EIHtpZiAoTlIgPT0gMCkgcHJpbnQgIjIyIn0nIHwgL2Jpbi91bmlxKTsgZm9yIHBvcnQgaW4gJHtwb3J0c1tAXX07IGRvIC9zYmluL3NzaGQgLVQgLUMgdXNlcj1yb290IC1DIGhvc3Q9IiQoaG9zdG5hbWUpIiAtQyBhZGRyPSIkKC9iaW4vZ3JlcCAkKGhvc3RuYW1lKSAvZXRjL2hvc3RzIHwgL2Jpbi9hd2sgJ3twcmludCAkMX0nKSIgLUMgbHBvcnQ9JHBvcnQgfCBlY2hvICJwb3J0ICRwb3J0OiAkKC9iaW4vZ3JlcCAtaSBeaG9zdGJhc2VkYXV0aGVudGljYXRpb24pIjsgZG9uZSB8IC9iaW4vYXdrICdCRUdJTiB7Zj0wfSAvSG9zdGJhc2VkQXV0aGVudGljYXRpb24vaSB7IGlmICgkTkYgPT0gInllcyIpIGYrKzsgcHJpbnQgJDB9IEVORCB7aWYgKE5SID09IDApIHByaW50ICJGYWlsOiBubyByZXN1bHRzIHJldHVybmVkIjsgZWxzZSBpZiAoZiA+IDApIHByaW50ICJGYWlsIjsgZWxzZSBwcmludCAiUGFzcyIgfScKICB9\" | openssl base64 -d -A | /bin/bash|cat"| Response : "/etc/ssh/sshd_config: Permission denied\nport 22: \nPass"| Error : ""| - Command : "LANG=C; cat '/etc/ssh/sshd_config'|cat"| Response : "cat: /etc/ssh/sshd_config: Permission denied"| Error : ""| - Command : "LANG=C; echo \"IyEvYmluL2Jhc2gKICB7CiAgcG9ydHM9JCgvYmluL2dyZXAgLXMgLVAgIl4oUG9ydHxNYXRjaCkiIC9ldGMvc3NoL3NzaGRfY29uZmlnIC9ldGMvc3NoL3NzaGRfY29uZmlnLmQvKi5jb25mIHwgL2Jpbi9ncmVwIC1QIC1vICIoUG9ydHxMb2NhbFBvcnQpW1xzXStbXGRdKyIgfCAvYmluL2F3ayAne3ByaW50ICQyfTsgRU5EIHtpZiAoTlIgPT0gMCkgcHJpbnQgIjIyIn0nIHwgL2Jpbi91bmlxKTsgZm9yIHBvcnQgaW4gJHtwb3J0c1tAXX07IGRvIC9zYmluL3NzaGQgLVQgLUMgdXNlcj1yb290IC1DIGhvc3Q9IiQoaG9zdG5hbWUpIiAtQyBhZGRyPSIkKC9iaW4vZ3JlcCAkKGhvc3RuYW1lKSAvZXRjL2hvc3RzIHwgL2Jpbi9hd2sgJ3twcmludCAkMX0nKSIgLUMgbHBvcnQ9JHBvcnQgfCBlY2hvICJwb3J0ICRwb3J0OiAkKC9iaW4vZ3JlcCAtaSBeaWdub3Jlcmhvc3RzKSI7IGRvbmUgfCAvYmluL2F3ayAnQkVHSU4ge2Y9MH0gL0lnbm9yZVJob3N0cy9pIHsgaWYgKCRORiA9PSAibm8iKSBmKys7IHByaW50ICQwfSBFTkQge2lmIChOUiA9PSAwKSBwcmludCAiRmFpbDogbm8gcmVzdWx0cyByZXR1cm5lZCI7IGVsc2UgaWYgKGYgPiAwKSBwcmludCAiRmFpbCI7IGVsc2UgcHJpbnQgIlBhc3MiIH0nCiAgfQ==\" | openssl base64 -d -A | /bin/bash|cat"| Response : "/etc/ssh/sshd_config: Permission denied\nport 22: \nPass"| Error : ""| - Command : "LANG=C; echo \"IyEvYmluL2Jhc2gKICB7CiAgcG9ydHM9JCgvYmluL2dyZXAgLXMgLVAgIl4oUG9ydHxNYXRjaCkiIC9ldGMvc3NoL3NzaGRfY29uZmlnIC9ldGMvc3NoL3NzaGRfY29uZmlnLmQvKi5jb25mIHwgL2Jpbi9ncmVwIC1QIC1vICIoUG9ydHxMb2NhbFBvcnQpW1xzXStbXGRdKyIgfCAvYmluL2F3ayAne3ByaW50ICQyfTsgRU5EIHtpZiAoTlIgPT0gMCkgcHJpbnQgIjIyIn0nIHwgL2Jpbi91bmlxKTsgZm9yIHBvcnQgaW4gJHtwb3J0c1tAXX07IGRvIC9zYmluL3NzaGQgLVQgLUMgdXNlcj1yb290IC1DIGhvc3Q9IiQoaG9zdG5hbWUpIiAtQyBhZGRyPSIkKC9iaW4vZ3JlcCAkKGhvc3RuYW1lKSAvZXRjL2hvc3RzIHwgL2Jpbi9hd2sgJ3twcmludCAkMX0nKSIgLUMgbHBvcnQ9JHBvcnQgfCBlY2hvICJwb3J0ICRwb3J0OiAkKC9iaW4vZ3JlcCAtaSBea2V4YWxnb3JpdGhtcykiOyBkb25lIHwgL2Jpbi9hd2sgJ0JFR0lOIHtmPTB9IC9rZXhhbGdvcml0aG1zL2kgeyBpZiAoJE5GIH4gIihkaWZmaWUtaGVsbG1hbi1ncm91cDEtc2hhMXxkaWZmaWUtaGVsbG1hbi1ncm91cDE0LXNoYTF8ZGlmZmllLWhlbGxtYW4tZ3JvdXAtZXhjaGFuZ2Utc2hhMSkiKSBmKys7IHByaW50ICQwfSBFTkQge2lmIChOUiA9PSAwKSBwcmludCAiRmFpbDogbm8gcmVzdWx0cyByZXR1cm5lZCI7IGVsc2UgaWYgKGYgPiAwKSBwcmludCAiRmFpbCI7IGVsc2UgcHJpbnQgIlBhc3MiIH0nCiAgfQ==\" | openssl base64 -d -A | /bin/bash|cat"| Response : "/etc/ssh/sshd_config: Permission denied\nport 22: \nPass"| Error : ""| - Command : "LANG=C; echo \"IyEvYmluL2Jhc2gKICB7CiAgcG9ydHM9JCgvYmluL2dyZXAgLXMgLVAgIl4oUG9ydHxNYXRjaCkiIC9ldGMvc3NoL3NzaGRfY29uZmlnIC9ldGMvc3NoL3NzaGRfY29uZmlnLmQvKi5jb25mIHwgL2Jpbi9ncmVwIC1QIC1vICIoUG9ydHxMb2NhbFBvcnQpW1xzXStbXGRdKyIgfCAvYmluL2F3ayAne3ByaW50ICQyfTsgRU5EIHtpZiAoTlIgPT0gMCkgcHJpbnQgIjIyIn0nIHwgL2Jpbi91bmlxKTsgZm9yIHBvcnQgaW4gJHtwb3J0c1tAXX07IGRvIC9zYmluL3NzaGQgLVQgLUMgdXNlcj1yb290IC1DIGhvc3Q9IiQoaG9zdG5hbWUpIiAtQyBhZGRyPSIkKC9iaW4vZ3JlcCAkKGhvc3RuYW1lKSAvZXRjL2hvc3RzIHwgL2Jpbi9hd2sgJ3twcmludCAkMX0nKSIgLUMgbHBvcnQ9JHBvcnQgfCBlY2hvICJwb3J0ICRwb3J0OiAkKC9iaW4vZ3JlcCAtaSBebG9naW5ncmFjZXRpbWUpIjsgZG9uZSB8IC9iaW4vYXdrICdCRUdJTiB7Zj0wfSAvbG9naW5ncmFjZXRpbWUvaSB7IGlmICgkTkYgIX4gL14oWzEtOV18WzEtNV1bMC05XXw2MHwxbSkkLykgZisrOyBwcmludCAkMH0gRU5EIHtpZiAoTlIgPT0gMCkgcHJpbnQgIkZhaWw6IG5vIHJlc3VsdHMgcmV0dXJuZWQiOyBlbHNlIGlmIChmID4gMCkgcHJpbnQgIkZhaWwiOyBlbHNlIHByaW50ICJQYXNzIiB9JwogIH0=\" | openssl base64 -d -A | /bin/bash|cat"| Response : "/etc/ssh/sshd_config: Permission denied\nport 22: \nFail"| Error : ""| - Command : "LANG=C; echo \"IyEvYmluL2Jhc2gKICB7CiAgcG9ydHM9JCgvYmluL2dyZXAgLXMgLVAgIl4oUG9ydHxNYXRjaCkiIC9ldGMvc3NoL3NzaGRfY29uZmlnIC9ldGMvc3NoL3NzaGRfY29uZmlnLmQvKi5jb25mIHwgL2Jpbi9ncmVwIC1QIC1vICIoUG9ydHxMb2NhbFBvcnQpW1xzXStbXGRdKyIgfCAvYmluL2F3ayAne3ByaW50ICQyfTsgRU5EIHtpZiAoTlIgPT0gMCkgcHJpbnQgIjIyIn0nIHwgL2Jpbi91bmlxKTsgZm9yIHBvcnQgaW4gJHtwb3J0c1tAXX07IGRvIC9zYmluL3NzaGQgLVQgLUMgdXNlcj1yb290IC1DIGhvc3Q9IiQoaG9zdG5hbWUpIiAtQyBhZGRyPSIkKC9iaW4vZ3JlcCAkKGhvc3RuYW1lKSAvZXRjL2hvc3RzIHwgL2Jpbi9hd2sgJ3twcmludCAkMX0nKSIgLUMgbHBvcnQ9JHBvcnQgfCBlY2hvICJwb3J0ICRwb3J0OiAkKC9iaW4vZ3JlcCAtaSBsb2dsZXZlbCkiOyBkb25lIHwgL2Jpbi9hd2sgJ0JFR0lOIHtmPTB9IC9Mb2dMZXZlbC9pIHsgaWYgKCRORiAhfiAvXihJTkZPfFZFUkJPU0UpJC8pIGYrKzsgcHJpbnQgJDB9IEVORCB7aWYgKE5SID09IDApIHByaW50ICJGYWlsOiBubyByZXN1bHRzIHJldHVybmVkIjsgZWxzZSBpZiAoZiA+IDApIHByaW50ICJGYWlsIjsgZWxzZSBwcmludCAiUGFzcyIgfScKICB9\" | openssl base64 -d -A | /bin/bash|cat"| Response : "/etc/ssh/sshd_config: Permission denied\nport 22: \nFail"| Error : ""| - Command : "LANG=C; echo \"IyEvYmluL2Jhc2gKewpwb3J0cz0kKC9iaW4vZ3JlcCAtcyAtUCAiXihQb3J0fE1hdGNoKSIgL2V0Yy9zc2gvc3NoZF9jb25maWcgL2V0Yy9zc2hkX2NvbmZpZy5kLyouY29uZiB8IC9iaW4vZ3JlcCAtUCAtbyAiKFBvcnR8TG9jYWxQb3J0KVtcc10rW1xkXSsiIHwgL2Jpbi9hd2sgJ3twcmludCAkMn07IEVORCB7aWYgKE5SID09IDApIHByaW50ICIyMiJ9JyB8IC9iaW4vdW5pcSk7IGZvciBwb3J0IGluICR7cG9ydHNbQF19OyBkbyAvc2Jpbi9zc2hkIC1UIC1DIHVzZXI9cm9vdCAtQyBob3N0PSIkKGhvc3RuYW1lKSIgLUMgYWRkcj0iJCgvYmluL2dyZXAgJChob3N0bmFtZSkgL2V0Yy9ob3N0cyB8IC9iaW4vYXdrICd7cHJpbnQgJDF9JykiIC1DIGxwb3J0PSRwb3J0IHwgZWNobyAicG9ydCAkcG9ydDogJCgvYmluL2dyZXAgLUVpICdebWFjc1xzJykiOyBkb25lIHwgL2Jpbi9hd2sgJ0JFR0lOIHtmPTB9IC9cc21hY3Nccy9pIHsgaWYgKCRORiB+ICIoaG1hYy1tZDV8aG1hYy1tZDUtOTZ8aG1hYy1yaXBlbWQxNjB8aG1hYy1zaGExLTk2fHVtYWMtNjRAb3BlbnNzaC5jb218aG1hYy1tZDUtZXRtQG9wZW5zc2guY29tfGhtYWMtbWQ1LTk2LWV0bUBvcGVuc3NoLmNvbXxobWFjLXJpcGVtZDE2MC1ldG1Ab3BlbnNzaC5jb218aG1hYy1zaGExLTk2LWV0bUBvcGVuc3NoLmNvbXx1bWFjLTY0LWV0bUBvcGVuc3NoLmNvbSkiKSBmKys7IHByaW50ICQwfSBFTkQge2lmIChOUiA9PSAwKSBwcmludCAiRmFpbDogbm8gcmVzdWx0cyByZXR1cm5lZCI7IGVsc2UgaWYgKGYgPiAwKSBwcmludCAiRmFpbCI7IGVsc2UgcHJpbnQgIlBhc3MiIH0nCn0=\" | openssl base64 -d -A | /bin/bash|cat"| Response : "/etc/ssh/sshd_config: Permission denied\nport 22: \nPass"| Error : ""| - Command : "LANG=C; echo \"IyEvYmluL2Jhc2gKICB7CiAgcG9ydHM9JCgvYmluL2dyZXAgLXMgLVAgIl4oUG9ydHxNYXRjaCkiIC9ldGMvc3NoL3NzaGRfY29uZmlnIC9ldGMvc3NoL3NzaGRfY29uZmlnLmQvKi5jb25mIHwgL2Jpbi9ncmVwIC1QIC1vICIoUG9ydHxMb2NhbFBvcnQpW1xzXStbXGRdKyIgfCAvYmluL2F3ayAne3ByaW50ICQyfTsgRU5EIHtpZiAoTlIgPT0gMCkgcHJpbnQgIjIyIn0nIHwgL2Jpbi91bmlxKTsgZm9yIHBvcnQgaW4gJHtwb3J0c1tAXX07IGRvIC9zYmluL3NzaGQgLVQgLUMgdXNlcj1yb290IC1DIGhvc3Q9IiQoaG9zdG5hbWUpIiAtQyBhZGRyPSIkKC9iaW4vZ3JlcCAkKGhvc3RuYW1lKSAvZXRjL2hvc3RzIHwgL2Jpbi9hd2sgJ3twcmludCAkMX0nKSIgLUMgbHBvcnQ9JHBvcnQgfCBlY2hvICJwb3J0ICRwb3J0OiAkKC9iaW4vZ3JlcCAtaSBebWF4YXV0aHRyaWVzKSI7IGRvbmUgfCAvYmluL2F3ayAnQkVHSU4ge2Y9MH0gL21heGF1dGh0cmllcy9pIHsgaWYgKCRORiAhfiAvXlswLTRdJC8pIGYrKzsgcHJpbnQgJDB9IEVORCB7aWYgKE5SID09IDApIHByaW50ICJGYWlsOiBubyByZXN1bHRzIHJldHVybmVkIjsgZWxzZSBpZiAoZiA+IDApIHByaW50ICJGYWlsIjsgZWxzZSBwcmludCAiUGFzcyIgfScKICB9\" | openssl base64 -d -A | /bin/bash|cat"| Response : "/etc/ssh/sshd_config: Permission denied\nport 22: \nFail"| Error : ""| - Command : "LANG=C; echo \"IyEvYmluL2Jhc2gKICB7CiAgcG9ydHM9JCgvYmluL2dyZXAgLXMgLVAgIl4oUG9ydHxNYXRjaCkiIC9ldGMvc3NoL3NzaGRfY29uZmlnIC9ldGMvc3NoL3NzaGRfY29uZmlnLmQvKi5jb25mIHwgL2Jpbi9ncmVwIC1QIC1vICIoUG9ydHxMb2NhbFBvcnQpW1xzXStbXGRdKyIgfCAvYmluL2F3ayAne3ByaW50ICQyfTsgRU5EIHtpZiAoTlIgPT0gMCkgcHJpbnQgIjIyIn0nIHwgL2Jpbi91bmlxKTsgZm9yIHBvcnQgaW4gJHtwb3J0c1tAXX07IGRvIC9zYmluL3NzaGQgLVQgLUMgdXNlcj1yb290IC1DIGhvc3Q9IiQoaG9zdG5hbWUpIiAtQyBhZGRyPSIkKC9iaW4vZ3JlcCAkKGhvc3RuYW1lKSAvZXRjL2hvc3RzIHwgL2Jpbi9hd2sgJ3twcmludCAkMX0nKSIgLUMgbHBvcnQ9JHBvcnQgfCBlY2hvICJwb3J0ICRwb3J0OiAkKC9iaW4vZ3JlcCAtaSBebWF4c2Vzc2lvbnMpIjsgZG9uZSB8IC9iaW4vYXdrICdCRUdJTiB7Zj0wfSAvbWF4c2Vzc2lvbnMvaSB7IGlmICgkTkYgIX4gL14oWzAtOV18MTApJC8pIGYrKzsgcHJpbnQgJDB9IEVORCB7aWYgKE5SID09IDApIHByaW50ICJGYWlsOiBubyByZXN1bHRzIHJldHVybmVkIjsgZWxzZSBpZiAoZiA+IDApIHByaW50ICJGYWlsIjsgZWxzZSBwcmludCAiUGFzcyIgfScKICB9\" | openssl base64 -d -A | /bin/bash|cat"| Response : "/etc/ssh/sshd_config: Permission denied\nport 22: \nFail"| Error : ""| - Command : "LANG=C; echo \"IyEvYmluL2Jhc2gKICB7CiAgcG9ydHM9JCgvYmluL2dyZXAgLXMgLVAgIl4oUG9ydHxNYXRjaCkiIC9ldGMvc3NoL3NzaGRfY29uZmlnIC9ldGMvc3NoL3NzaGRfY29uZmlnLmQvKi5jb25mIHwgL2Jpbi9ncmVwIC1QIC1vICIoUG9ydHxMb2NhbFBvcnQpW1xzXStbXGRdKyIgfCAvYmluL2F3ayAne3ByaW50ICQyfTsgRU5EIHtpZiAoTlIgPT0gMCkgcHJpbnQgIjIyIn0nIHwgL2Jpbi91bmlxKTsgZm9yIHBvcnQgaW4gJHtwb3J0c1tAXX07IGRvIC9zYmluL3NzaGQgLVQgLUMgdXNlcj1yb290IC1DIGhvc3Q9IiQoaG9zdG5hbWUpIiAtQyBhZGRyPSIkKC9iaW4vZ3JlcCAkKGhvc3RuYW1lKSAvZXRjL2hvc3RzIHwgL2Jpbi9hd2sgJ3twcmludCAkMX0nKSIgLUMgbHBvcnQ9JHBvcnQgfCBlY2hvICJwb3J0ICRwb3J0OiAkKC9iaW4vZ3JlcCAtaSBebWF4c3RhcnR1cHMpIjsgZG9uZSB8IC9iaW4vYXdrICdCRUdJTiB7Zj0wfSAvbWF4c3RhcnR1cHMvaSB7IGlmICgkTkYgIX4gL14oWzEtOV18MTApOihbMS05XXxbMTJdWzAtOV18MzApOihbMS05XXxbMS01XVswLTldfDYwKSQvKSBmKys7IHByaW50ICQwfSBFTkQge2lmIChOUiA9PSAwKSBwcmludCAiRmFpbDogbm8gcmVzdWx0cyByZXR1cm5lZCI7IGVsc2UgaWYgKGYgPiAwKSBwcmludCAiRmFpbCI7IGVsc2UgcHJpbnQgIlBhc3MiIH0nCiAgfQ==\" | openssl base64 -d -A | /bin/bash|cat"| Response : "/etc/ssh/sshd_config: Permission denied\nport 22: \nFail"| Error : ""| - Command : "LANG=C; echo \"IyEvYmluL2Jhc2gKICB7CiAgcG9ydHM9JCgvYmluL2dyZXAgLXMgLVAgIl4oUG9ydHxNYXRjaCkiIC9ldGMvc3NoL3NzaGRfY29uZmlnIC9ldGMvc3NoL3NzaGRfY29uZmlnLmQvKi5jb25mIHwgL2Jpbi9ncmVwIC1QIC1vICIoUG9ydHxMb2NhbFBvcnQpW1xzXStbXGRdKyIgfCAvYmluL2F3ayAne3ByaW50ICQyfTsgRU5EIHtpZiAoTlIgPT0gMCkgcHJpbnQgIjIyIn0nIHwgL2Jpbi91bmlxKTsgZm9yIHBvcnQgaW4gJHtwb3J0c1tAXX07IGRvIC9zYmluL3NzaGQgLVQgLUMgdXNlcj1yb290IC1DIGhvc3Q9IiQoaG9zdG5hbWUpIiAtQyBhZGRyPSIkKC9iaW4vZ3JlcCAkKGhvc3RuYW1lKSAvZXRjL2hvc3RzIHwgL2Jpbi9hd2sgJ3twcmludCAkMX0nKSIgLUMgbHBvcnQ9JHBvcnQgfCBlY2hvICJwb3J0ICRwb3J0OiAkKC9iaW4vZ3JlcCAtaSBeUGVybWl0RW1wdHlQYXNzd29yZHMpIjsgZG9uZSB8IC9iaW4vYXdrICdCRUdJTiB7Zj0wfSAvUGVybWl0RW1wdHlQYXNzd29yZHMvaSB7IGlmICgkTkYgPT0gInllcyIpIGYrKzsgcHJpbnQgJDB9IEVORCB7aWYgKE5SID09IDApIHByaW50ICJGYWlsOiBubyByZXN1bHRzIHJldHVybmVkIjsgZWxzZSBpZiAoZiA+IDApIHByaW50ICJGYWlsIjsgZWxzZSBwcmludCAiUGFzcyIgfScKICB9\" | openssl base64 -d -A | /bin/bash|cat"| Response : "/etc/ssh/sshd_config: Permission denied\nport 22: \nPass"| Error : ""| - Command : "LANG=C; echo \"IyEvYmluL2Jhc2gKICB7CiAgcG9ydHM9JCgvYmluL2dyZXAgLXMgLVAgIl4oUG9ydHxNYXRjaCkiIC9ldGMvc3NoL3NzaGRfY29uZmlnIC9ldGMvc3NoL3NzaGRfY29uZmlnLmQvKi5jb25mIHwgL2Jpbi9ncmVwIC1QIC1vICIoUG9ydHxMb2NhbFBvcnQpW1xzXStbXGRdKyIgfCAvYmluL2F3ayAne3ByaW50ICQyfTsgRU5EIHtpZiAoTlIgPT0gMCkgcHJpbnQgIjIyIn0nIHwgL2Jpbi91bmlxKTsgZm9yIHBvcnQgaW4gJHtwb3J0c1tAXX07IGRvIC9zYmluL3NzaGQgLVQgLUMgdXNlcj1yb290IC1DIGhvc3Q9IiQoaG9zdG5hbWUpIiAtQyBhZGRyPSIkKC9iaW4vZ3JlcCAkKGhvc3RuYW1lKSAvZXRjL2hvc3RzIHwgL2Jpbi9hd2sgJ3twcmludCAkMX0nKSIgLUMgbHBvcnQ9JHBvcnQgfCBlY2hvICJwb3J0ICRwb3J0OiAkKC9iaW4vZ3JlcCAtaSBecGVybWl0cm9vdGxvZ2luKSI7IGRvbmUgfCAvYmluL2F3ayAnQkVHSU4ge2Y9MH0gL3Blcm1pdHJvb3Rsb2dpbi9pIHsgaWYgKCRORiA9PSAieWVzIikgZisrOyBwcmludCAkMH0gRU5EIHtpZiAoTlIgPT0gMCkgcHJpbnQgIkZhaWw6IG5vIHJlc3VsdHMgcmV0dXJuZWQiOyBlbHNlIGlmIChmID4gMCkgcHJpbnQgIkZhaWwiOyBlbHNlIHByaW50ICJQYXNzIn0nCiAgfQ==\" | openssl base64 -d -A | /bin/bash|cat"| Response : "/etc/ssh/sshd_config: Permission denied\nport 22: \nPass"| Error : ""| - Command : "LANG=C; echo \"IyEvYmluL2Jhc2gKICB7CiAgcG9ydHM9JCgvYmluL2dyZXAgLXMgLVAgIl4oUG9ydHxNYXRjaCkiIC9ldGMvc3NoL3NzaGRfY29uZmlnIC9ldGMvc3NoL3NzaGRfY29uZmlnLmQvKi5jb25mIHwgL2Jpbi9ncmVwIC1QIC1vICIoUG9ydHxMb2NhbFBvcnQpW1xzXStbXGRdKyIgfCAvYmluL2F3ayAne3ByaW50ICQyfTsgRU5EIHtpZiAoTlIgPT0gMCkgcHJpbnQgIjIyIn0nIHwgL2Jpbi91bmlxKTsgZm9yIHBvcnQgaW4gJHtwb3J0c1tAXX07IGRvIC9zYmluL3NzaGQgLVQgLUMgdXNlcj1yb290IC1DIGhvc3Q9IiQoaG9zdG5hbWUpIiAtQyBhZGRyPSIkKC9iaW4vZ3JlcCAkKGhvc3RuYW1lKSAvZXRjL2hvc3RzIHwgL2Jpbi9hd2sgJ3twcmludCAkMX0nKSIgLUMgbHBvcnQ9JHBvcnQgfCBlY2hvICJwb3J0ICRwb3J0OiAkKC9iaW4vZ3JlcCAtaSBeUGVybWl0RW1wdHlQYXNzd29yZHMpIjsgZG9uZSB8IC9iaW4vYXdrICdCRUdJTiB7Zj0wfSAvUGVybWl0RW1wdHlQYXNzd29yZHMvaSB7IGlmICgkTkYgPT0gInllcyIpIGYrKzsgcHJpbnQgJDB9IEVORCB7aWYgKE5SID09IDApIHByaW50ICJGYWlsOiBubyByZXN1bHRzIHJldHVybmVkIjsgZWxzZSBpZiAoZiA+IDApIHByaW50ICJGYWlsIjsgZWxzZSBwcmludCAiUGFzcyIgfScKICB9\" | openssl base64 -d -A | /bin/bash|cat"| Response : "/etc/ssh/sshd_config: Permission denied\nport 22: \nPass"| Error : ""| - Command : "LANG=C; echo \"IyEvYmluL2Jhc2gKICB7CiAgcG9ydHM9JCgvYmluL2dyZXAgLXMgLVAgIl4oUG9ydHxNYXRjaCkiIC9ldGMvc3NoL3NzaGRfY29uZmlnIC9ldGMvc3NoL3NzaGRfY29uZmlnLmQvKi5jb25mIHwgL2Jpbi9ncmVwIC1QIC1vICIoUG9ydHxMb2NhbFBvcnQpW1xzXStbXGRdKyIgfCAvYmluL2F3ayAne3ByaW50ICQyfTsgRU5EIHtpZiAoTlIgPT0gMCkgcHJpbnQgIjIyIn0nIHwgL2Jpbi91bmlxKTsgZm9yIHBvcnQgaW4gJHtwb3J0c1tAXX07IGRvIC9zYmluL3NzaGQgLVQgLUMgdXNlcj1yb290IC1DIGhvc3Q9IiQoaG9zdG5hbWUpIiAtQyBhZGRyPSIkKC9iaW4vZ3JlcCAkKGhvc3RuYW1lKSAvZXRjL2hvc3RzIHwgL2Jpbi9hd2sgJ3twcmludCAkMX0nKSIgLUMgbHBvcnQ9JHBvcnQgfCBlY2hvICJwb3J0ICRwb3J0OiAkKC9iaW4vZ3JlcCAtaSBedXNlcGFtKSI7IGRvbmUgfCAvYmluL2F3ayAnQkVHSU4ge2Y9MH0gL3VzZXBhbS9pIHsgaWYgKCRORiA9PSAibm8iKSBmKys7IHByaW50ICQwfSBFTkQge2lmIChOUiA9PSAwKSBwcmludCAiRmFpbDogbm8gcmVzdWx0cyByZXR1cm5lZCI7IGVsc2UgaWYgKGYgPiAwKSBwcmludCAiRmFpbCI7IGVsc2UgcHJpbnQgIlBhc3MiIH0nCiAgfQ==\" | openssl base64 -d -A | /bin/bash|cat"| Response : "/etc/ssh/sshd_config: Permission denied\nport 22: \nPass"| Error : ""| - Command : "LANG=C; echo \"IyEvYmluL2Jhc2gKICB7CiAgcG9ydHM9JCgvYmluL2dyZXAgLXMgLVAgIl4oUG9ydHxNYXRjaCkiIC9ldGMvc3NoL3NzaGRfY29uZmlnIC9ldGMvc3NoL3NzaGRfY29uZmlnLmQvKi5jb25mIHwgL2Jpbi9ncmVwIC1QIC1vICIoUG9ydHxMb2NhbFBvcnQpW1xzXStbXGRdKyIgfCAvYmluL2F3ayAne3ByaW50ICQyfTsgRU5EIHtpZiAoTlIgPT0gMCkgcHJpbnQgIjIyIn0nIHwgL2Jpbi91bmlxKTsgZm9yIHBvcnQgaW4gJHtwb3J0c1tAXX07IGRvIC9zYmluL3NzaGQgLVQgLUMgdXNlcj1yb290IC1DIGhvc3Q9IiQoaG9zdG5hbWUpIiAtQyBhZGRyPSIkKC9iaW4vZ3JlcCAkKGhvc3RuYW1lKSAvZXRjL2hvc3RzIHwgL2Jpbi9hd2sgJ3twcmludCAkMX0nKSIgLUMgbHBvcnQ9JHBvcnQgfCBlY2hvICJwb3J0ICRwb3J0OiAkKC9iaW4vZ3JlcCAtUGkgJ15caCooYWxsb3d8ZGVueSkodXNlcnN8Z3JvdXBzKVxoK1xIKyhcaCsuKik/JCcpIjsgZG9uZSB8IC9iaW4vYXdrICdCRUdJTiB7Zj0wfSAvKGFsbG93fGRlbnkpKHVzZXJzfGdyb3VwcykvaSB7IGlmICgkTkYgfiAiOiIpIGYrKzsgcHJpbnQgJDB9IEVORCB7aWYgKE5SID09IDApIHByaW50ICJGYWlsOiBubyByZXN1bHRzIHJldHVybmVkIjsgZWxzZSBpZiAoZiA+IDApIHByaW50ICJGYWlsIjsgZWxzZSBwcmludCAiUGFzcyJ9JwogIH0=\" | openssl base64 -d -A | /bin/bash|cat"| Response : "/etc/ssh/sshd_config: Permission denied\nport 22: \nFail"| Error : ""| - Command : "LANG=C; echo \"IyEvYmluL2Jhc2gKICB7CiAgcG9ydHM9JCgvYmluL2dyZXAgLXMgLVAgIl4oUG9ydHxNYXRjaCkiIC9ldGMvc3NoL3NzaGRfY29uZmlnIC9ldGMvc3NoL3NzaGRfY29uZmlnLmQvKi5jb25mIHwgL2Jpbi9ncmVwIC1QIC1vICIoUG9ydHxMb2NhbFBvcnQpW1xzXStbXGRdKyIgfCAvYmluL2F3ayAne3ByaW50ICQyfTsgRU5EIHtpZiAoTlIgPT0gMCkgcHJpbnQgIjIyIn0nIHwgL2Jpbi91bmlxKTsgZm9yIHBvcnQgaW4gJHtwb3J0c1tAXX07IGRvIC9zYmluL3NzaGQgLVQgLUMgdXNlcj1yb290IC1DIGhvc3Q9IiQoaG9zdG5hbWUpIiAtQyBhZGRyPSIkKC9iaW4vZ3JlcCAkKGhvc3RuYW1lKSAvZXRjL2hvc3RzIHwgL2Jpbi9hd2sgJ3twcmludCAkMX0nKSIgLUMgbHBvcnQ9JHBvcnQgfCBlY2hvICJwb3J0ICRwb3J0OiAkKC9iaW4vZ3JlcCAtaSBeYmFubmVyKSI7IGRvbmUgfCAvYmluL2F3ayAnQkVHSU4ge2Y9MH0gL2Jhbm5lci9pIHsgaWYgKCRORiAhPSAiL2V0Yy9pc3N1ZS5uZXQiKSBmKys7IHByaW50ICQwfSBFTkQge2lmIChOUiA9PSAwKSBwcmludCAiRmFpbDogbm8gcmVzdWx0cyByZXR1cm5lZCI7IGVsc2UgaWYgKGYgPiAwKSBwcmludCAiRmFpbCI7IGVsc2UgcHJpbnQgIlBhc3MiIH0nCiAgfQ==\" | openssl base64 -d -A | /bin/bash|cat"| Response : "/etc/ssh/sshd_config: Permission denied\nport 22: \nFail"| Error : ""| - Command : "LANG=C; echo \"IyEvYmluL2Jhc2gKICB7CiAgcG9ydHM9JCgvYmluL2dyZXAgLXMgLVAgIl4oUG9ydHxNYXRjaCkiIC9ldGMvc3NoL3NzaGRfY29uZmlnIC9ldGMvc3NoL3NzaGRfY29uZmlnLmQvKi5jb25mIHwgL2Jpbi9ncmVwIC1QIC1vICIoUG9ydHxMb2NhbFBvcnQpW1xzXStbXGRdKyIgfCAvYmluL2F3ayAne3ByaW50ICQyfTsgRU5EIHtpZiAoTlIgPT0gMCkgcHJpbnQgIjIyIn0nIHwgL2Jpbi91bmlxKTsgZm9yIHBvcnQgaW4gJHtwb3J0c1tAXX07IGRvIC9zYmluL3NzaGQgLVQgLUMgdXNlcj1yb290IC1DIGhvc3Q9IiQoaG9zdG5hbWUpIiAtQyBhZGRyPSIkKC9iaW4vZ3JlcCAkKGhvc3RuYW1lKSAvZXRjL2hvc3RzIHwgL2Jpbi9hd2sgJ3twcmludCAkMX0nKSIgLUMgbHBvcnQ9JHBvcnQgfCBlY2hvICJwb3J0ICRwb3J0OiAkKC9iaW4vZ3JlcCAtaSBeY2lwaGVycykiOyBkb25lIHwgL2Jpbi9hd2sgJ0JFR0lOIHtmPTB9IC9jaXBoZXJzL2kgeyBpZiAoJE5GIH4gIigzZGVzfGJsb3dmaXNofGNhc3QxMjh8YWVzKDEyOHwxOTJ8MjU2KSktY2JjfGFyY2ZvdXIoMTI4fDI1Nik/fHJpam5kYWVsLWNiY0BseXNhdG9yXC5saXVcLnNlKSIpIGYrKzsgcHJpbnQgJDB9IEVORCB7aWYgKE5SID09IDApIHByaW50ICJGYWlsOiBubyByZXN1bHRzIHJldHVybmVkIjsgZWxzZSBpZiAoZiA+IDApIHByaW50ICJGYWlsIjsgZWxzZSBwcmludCAiUGFzcyIgfScKICB9\" | openssl base64 -d -A | /bin/bash|cat"| Response : "awk: cmd. line:1: warning: escape sequence `\\.' treated as plain `.'\n/etc/ssh/sshd_config: Permission denied\nport 22: \nPass"| Error : ""| - Command : "LANG=C; echo \"IyEvYmluL2Jhc2gKICB7CiAgcG9ydHM9JCgvYmluL2dyZXAgLXMgLVAgIl4oUG9ydHxNYXRjaCkiIC9ldGMvc3NoL3NzaGRfY29uZmlnIC9ldGMvc3NoL3NzaGRfY29uZmlnLmQvKi5jb25mIHwgL2Jpbi9ncmVwIC1QIC1vICIoUG9ydHxMb2NhbFBvcnQpW1xzXStbXGRdKyIgfCAvYmluL2F3ayAne3ByaW50ICQyfTsgRU5EIHtpZiAoTlIgPT0gMCkgcHJpbnQgIjIyIn0nIHwgL2Jpbi91bmlxKTsgZm9yIHBvcnQgaW4gJHtwb3J0c1tAXX07IGRvIC9zYmluL3NzaGQgLVQgLUMgdXNlcj1yb290IC1DIGhvc3Q9IiQoaG9zdG5hbWUpIiAtQyBhZGRyPSIkKC9iaW4vZ3JlcCAkKGhvc3RuYW1lKSAvZXRjL2hvc3RzIHwgL2Jpbi9hd2sgJ3twcmludCAkMX0nKSIgLUMgbHBvcnQ9JHBvcnQgfCBlY2hvICJwb3J0ICRwb3J0OiAkKC9iaW4vZ3JlcCAtaSBeY2xpZW50YWxpdmVjb3VudG1heCkiOyBkb25lIHwgL2Jpbi9hd2sgJ0JFR0lOIHtmPTB9IC9jbGllbnRhbGl2ZWNvdW50bWF4L2kgeyBpZiAoJE5GICF+IC9eWzEtOV1bMC05XSokLykgZisrOyBwcmludCAkMH0gRU5EIHtpZiAoTlIgPT0gMCkgcHJpbnQgIkZhaWw6IG5vIHJlc3VsdHMgcmV0dXJuZWQiOyBlbHNlIGlmIChmID4gMCkgcHJpbnQgIkZhaWwiOyBlbHNlIHByaW50ICJQYXNzIiB9JwogIH0=\" | openssl base64 -d -A | /bin/bash|cat"| Response : "/etc/ssh/sshd_config: Permission denied\nport 22: \nFail"| Error : ""| - Command : "LANG=C; echo \"IyEvYmluL2Jhc2gKICB7CiAgcG9ydHM9JCgvYmluL2dyZXAgLXMgLVAgIl4oUG9ydHxNYXRjaCkiIC9ldGMvc3NoL3NzaGRfY29uZmlnIC9ldGMvc3NoL3NzaGRfY29uZmlnLmQvKi5jb25mIHwgL2Jpbi9ncmVwIC1QIC1vICIoUG9ydHxMb2NhbFBvcnQpW1xzXStbXGRdKyIgfCAvYmluL2F3ayAne3ByaW50ICQyfTsgRU5EIHtpZiAoTlIgPT0gMCkgcHJpbnQgIjIyIn0nIHwgL2Jpbi91bmlxKTsgZm9yIHBvcnQgaW4gJHtwb3J0c1tAXX07IGRvIC9zYmluL3NzaGQgLVQgLUMgdXNlcj1yb290IC1DIGhvc3Q9IiQoaG9zdG5hbWUpIiAtQyBhZGRyPSIkKC9iaW4vZ3JlcCAkKGhvc3RuYW1lKSAvZXRjL2hvc3RzIHwgL2Jpbi9hd2sgJ3twcmludCAkMX0nKSIgLUMgbHBvcnQ9JHBvcnQgfCBlY2hvICJwb3J0ICRwb3J0OiAkKC9iaW4vZ3JlcCAtaSBeY2xpZW50YWxpdmVpbnRlcnZhbCkiOyBkb25lIHwgL2Jpbi9hd2sgJ0JFR0lOIHtmPTB9IC9jbGllbnRhbGl2ZWludGVydmFsL2kgeyBpZiAoJE5GICF+IC9eWzEtOV1bMC05XSokLykgZisrOyBwcmludCAkMH0gRU5EIHtpZiAoTlIgPT0gMCkgcHJpbnQgIkZhaWw6IG5vIHJlc3VsdHMgcmV0dXJuZWQiOyBlbHNlIGlmIChmID4gMCkgcHJpbnQgIkZhaWwiOyBlbHNlIHByaW50ICJQYXNzIiB9JwogIH0=\" | openssl base64 -d -A | /bin/bash|cat"| Response : "/etc/ssh/sshd_config: Permission denied\nport 22: \nFail"| Error : ""| - Command : "LANG=C; /bin/grep -rPi '^\\h*Defaults\\h+([^#\\n\\r]+ )?use_pty( \\h*\\h+\\h*)*\\h*(#.*)?$' /etc/sudoers* | /bin/awk '{print} END {if (NR != 0) print \"pass\" ; else print \"fail\"}'|cat"| Response : "/bin/grep: /etc/sudoers: Permission denied\n/bin/grep: /etc/sudoers.d: Permission denied\n/bin/grep: /etc/sudoers.d.backup.20251111_125948: Permission denied\nfail"| Error : ""| - Command : "LANG=C; cat '/etc/sudoers'|cat"| Response : "cat: /etc/sudoers: Permission denied"| Error : ""| - Command : "LANG=C; cat '/etc/pam.d/system-auth'|cat"| Response : "cat: /etc/pam.d/system-auth: Permission denied"| Error : ""| - Command : "LANG=C; cat '/etc/pam.d/password-auth'|cat"| Response : "cat: /etc/pam.d/password-auth: Permission denied"| Error : ""| - Command : "LANG=C; cat '/etc/shadow'|cat"| Response : "cat: /etc/shadow: Permission denied"| Error : ""| - Command : "LANG=C; echo \"IyEvYmluL2Jhc2gKICB7CiAgIHdoaWxlIElGUz0gcmVhZCAtciBsX3VzZXI7IGRvCiAgICAgIGxfY2hhbmdlPSQoZGF0ZSAtZCAiJChjaGFnZSAtLWxpc3QgJGxfdXNlciB8IGdyZXAgJ15MYXN0IHBhc3N3b3JkIGNoYW5nZScgfCBjdXQgLWQ6IC1mMiB8IGdyZXAgLXYgJ25ldmVyJCcpIiArJXMpCiAgICAgIGlmIFtbICIkbF9jaGFuZ2UiIC1ndCAiJChkYXRlICslcykiIF1dOyB0aGVuCiAgICAgICAgIGVjaG8gIlVzZXI6IFwiJGxfdXNlclwiIGxhc3QgcGFzc3dvcmQgY2hhbmdlIHdhcyBcIiQoY2hhZ2UgLS1saXN0ICRsX3VzZXIgfCBncmVwICdeTGFzdCBwYXNzd29yZCBjaGFuZ2UnIHwgY3V0IC1kOiAtZjIpXCIiCiAgICAgIGZpCiAgIGRvbmUgPCA8KGF3ayAtRjogJy9eW146XHJdKzpbXiEqeFhccl0ve3ByaW50ICQxfScgL2V0Yy9zaGFkb3cpCn0gfCAvYmluL2F3ayAne3ByaW50fSBFTkQge2lmIChOUiA9PSAwKSBwcmludCAiUGFzcyJ9Jw==\" | openssl base64 -d -A | /bin/bash|cat"| Response : "awk: fatal: cannot open file `/etc/shadow' for reading (Permission denied)\nPass"| Error : ""| - Command : "LANG=C; echo \"IyEvYmluL2Jhc2gKCnsKICAgbF9vcDI9IiIgbF9vdXRwdXQyPSIiCiAgIGxfdWlkbWluPSIkKGF3ayAnL15ccypVSURfTUlOL3twcmludCAkMn0nIC9ldGMvbG9naW4uZGVmcykiCiAgIGZpbGVfdGVzdF9jaGsoKQogICB7CiAgICAgIGxfb3AyPSIiCiAgICAgIGlmIFsgJCgoICRsX21vZGUgJiAkcGVybV9tYXNrICkpIC1ndCAwIF07IHRoZW4KICAgICAgICAgbF9vcDI9IiRsX29wMgogIC0gTW9kZTogXCIkbF9tb2RlXCIgc2hvdWxkIGJlIFwiJG1heHBlcm1cIiBvciBtb3JlIHJlc3RyaWN0aXZlIgogICAgICBmaQogICAgICBpZiBbWyAhICIkbF91c2VyIiA9fiAkbF9hdXNlciBdXTsgdGhlbgogICAgICAgICBsX29wMj0iJGxfb3AyCiAgLSBPd25lZCBieTogXCIkbF91c2VyXCIgYW5kIHNob3VsZCBiZSBvd25lZCBieSBcIiR7bF9hdXNlci8vfC8gb3IgfVwiIgogICAgICBmaQogICAgICBpZiBbWyAhICIkbF9ncm91cCIgPX4gJGxfYWdyb3VwIF1dOyB0aGVuCiAgICAgICAgIGxfb3AyPSIkbF9vcDIKICAtIEdyb3VwIG93bmVkIGJ5OiBcIiRsX2dyb3VwXCIgYW5kIHNob3VsZCBiZSBncm91cCBvd25lZCBieSBcIiR7bF9hZ3JvdXAvL3wvIG9yIH1cIiIKICAgICAgZmkKICAgICAgWyAtbiAiJGxfb3AyIiBdICYmIGxfb3V0cHV0Mj0iJGxfb3V0cHV0MgogLSBGaWxlOiBcIiRsX2ZuYW1lXCIgaXM6JGxfb3AyCiIKICAgfQogICB1bnNldCBhX2ZpbGUgJiYgYV9maWxlPSgpICMgY2xlYXIgYW5kIGluaXRpYWxpemUgYXJyYXkKICAgIyBMb29wIHRvIGNyZWF0ZSBhcnJheSB3aXRoIHN0YXQgb2YgZmlsZXMgdGhhdCBjb3VsZCBwb3NzaWJseSBmYWlsIG9uZSBvZiB0aGUgYXVkaXRzCiAgIHdoaWxlIElGUz0gcmVhZCAtciAtZCAkJ1wwJyBsX2ZpbGU7IGRvCiAgICAgIFsgLWUgIiRsX2ZpbGUiIF0gJiYgYV9maWxlKz0oIiQoc3RhdCAtTGMgJyVuXiUjYV4lVV4ldV4lR14lZycgIiRsX2ZpbGUiKSIpCiAgIGRvbmUgPCA8KGZpbmQgLUwgL3Zhci9sb2cgLXR5cGUgZiBcKCAtcGVybSAvMDEzNyAtbyAhIC11c2VyIHJvb3QgLW8gISAtZ3JvdXAgcm9vdCBcKSAtcHJpbnQwKQogICB3aGlsZSBJRlM9Il4iIHJlYWQgLXIgbF9mbmFtZSBsX21vZGUgbF91c2VyIGxfdWlkIGxfZ3JvdXAgbF9naWQ7IGRvCiAgICAgIGxfYm5hbWU9IiQoYmFzZW5hbWUgIiRsX2ZuYW1lIikiCiAgICAgIGNhc2UgIiRsX2JuYW1lIiBpbgogICAgICAgICBsYXN0bG9nIHwgbGFzdGxvZy4qIHwgd3RtcCB8IHd0bXAuKiB8IHd0bXAtKiB8IGJ0bXAgfCBidG1wLiogfCBidG1wLSogfCBSRUFETUUpCiAgICAgICAgICAgIHBlcm1fbWFzaz0nMDExMycKICAgICAgICAgICAgbWF4cGVybT0iJCggcHJpbnRmICclbycgJCgoIDA3NzcgJiB+JHBlcm1fbWFzaykpICkiCiAgICAgICAgICAgIGxfYXVzZXI9InJvb3QiCiAgICAgICAgICAgIGxfYWdyb3VwPSIocm9vdHx1dG1wKSIKICAgICAgICAgICAgZmlsZV90ZXN0X2NoawogICAgICAgICAgICA7OwogICAgICAgICBzZWN1cmUgfCBhdXRoLmxvZyB8IHN5c2xvZyB8IG1lc3NhZ2VzKQogICAgICAgICAgICBwZXJtX21hc2s9JzAxMzcnCiAgICAgICAgICAgIG1heHBlcm09IiQoIHByaW50ZiAnJW8nICQoKCAwNzc3ICYgfiRwZXJtX21hc2spKSApIgogICAgICAgICAgICBsX2F1c2VyPSIocm9vdHxzeXNsb2cpIgogICAgICAgICAgICBsX2Fncm91cD0iKHJvb3R8YWRtKSIKICAgICAgICAgICAgZmlsZV90ZXN0X2NoawogICAgICAgICAgICA7OwogICAgICAgICBTU1NEIHwgc3NzZCkKICAgICAgICAgICAgcGVybV9tYXNrPScwMTE3JwogICAgICAgICAgICBtYXhwZXJtPSIkKCBwcmludGYgJyVvJyAkKCggMDc3NyAmIH4kcGVybV9tYXNrKSkgKSIKICAgICAgICAgICAgbF9hdXNlcj0iKHJvb3R8U1NTRCkiCiAgICAgICAgICAgIGxfYWdyb3VwPSIocm9vdHxTU1NEKSIKICAgICAgICAgICAgZmlsZV90ZXN0X2NoawogICAgICAgICAgICA7OwogICAgICAgICBnZG0gfCBnZG0zKQogICAgICAgICAgICBwZXJtX21hc2s9JzAxMTcnCiAgICAgICAgICAgIG1heHBlcm09IiQoIHByaW50ZiAnJW8nICQoKCAwNzc3ICYgfiRwZXJtX21hc2spKSApIgogICAgICAgICAgICBsX2F1c2VyPSJyb290IgogICAgICAgICAgICBsX2Fncm91cD0iKHJvb3R8Z2RtfGdkbTMpIgogICAgICAgICAgICBmaWxlX3Rlc3RfY2hrCiAgICAgICAgICAgIDs7CiAgICAgICAgICouam91cm5hbCB8ICouam91cm5hbH4pCiAgICAgICAgICAgIHBlcm1fbWFzaz0nMDEzNycKICAgICAgICAgICAgbWF4cGVybT0iJCggcHJpbnRmICclbycgJCgoIDA3NzcgJiB+JHBlcm1fbWFzaykpICkiCiAgICAgICAgICAgIGxfYXVzZXI9InJvb3QiCiAgICAgICAgICAgIGxfYWdyb3VwPSIocm9vdHxzeXN0ZW1kLWpvdXJuYWwpIgogICAgICAgICAgICBmaWxlX3Rlc3RfY2hrCiAgICAgICAgICAgIDs7CiAgICAgICAgICopCiAgICAgICAgICAgIHBlcm1fbWFzaz0nMDEzNycKICAgICAgICAgICAgbWF4cGVybT0iJCggcHJpbnRmICclbycgJCgoIDA3NzcgJiB+JHBlcm1fbWFzaykpICkiCiAgICAgICAgICAgIGxfYXVzZXI9Iihyb290fHN5c2xvZykiCiAgICAgICAgICAgIGxfYWdyb3VwPSIocm9vdHxhZG0pIgogICAgICAgICAgICBpZiBbICIkbF91aWQiIC1sdCAiJGxfdWlkbWluIiBdICYmIFsgLXogIiQoYXdrIC12IGdycD0iJGxfZ3JvdXAiIC1GOiAnJDE9PWdycCB7cHJpbnQgJDR9JyAvZXRjL2dyb3VwKSIgXTsgdGhlbgogICAgICAgICAgICAgICBpZiBbWyAhICIkbF91c2VyIiA9fiAkbF9hdXNlciBdXTsgdGhlbgogICAgICAgICAgICAgICAgICBsX2F1c2VyPSIocm9vdHxzeXNsb2d8JGxfdXNlcikiCiAgICAgICAgICAgICAgIGZpCiAgICAgICAgICAgICAgIGlmIFtbICEgIiRsX2dyb3VwIiA9fiAkbF9hZ3JvdXAgXV07IHRoZW4KICAgICAgICAgICAgICAgICAgbF90c3Q9IiIKICAgICAgICAgICAgICAgICAgd2hpbGUgbF9vdXQzPSIiIHJlYWQgLXIgbF9kdWlkOyBkbwogICAgICAgICAgICAgICAgICAgICBbICIkbF9kdWlkIiAtZ2UgIiRsX3VpZG1pbiIgXSAmJiBsX3RzdD1mYWlsZWQKICAgICAgICAgICAgICAgICAgZG9uZSA8PDwgIiQoYXdrIC1GOiAnJDQ9PSciJGxfZ2lkIicge3ByaW50ICQzfScgL2V0Yy9wYXNzd2QpIgogICAgICAgICAgICAgICAgICBbICIkbF90c3QiICE9ICJmYWlsZWQiIF0gJiYgbF9hZ3JvdXA9Iihyb290fGFkbXwkbF9ncm91cCkiCiAgICAgICAgICAgICAgIGZpCiAgICAgICAgICAgIGZpCiAgICAgICAgICAgIGZpbGVfdGVzdF9jaGsKICAgICAgICAgICAgOzsKICAgICAgZXNhYwogICBkb25lIDw8PCAiJChwcmludGYgJyVzCicgIiR7YV9maWxlW0BdfSIpIgogICB1bnNldCBhX2ZpbGUgIyBDbGVhciBhcnJheQogICAjIElmIGFsbCBmaWxlcyBwYXNzZWQsIHRoZW4gd2UgcGFzcwogICBpZiBbIC16ICIkbF9vdXRwdXQyIiBdOyB0aGVuCiAgICAgIGVjaG8gLWUgIgotIEF1ZGl0IFJlc3VsdHM6CiAqKiBQYXNzICoqCi0gQWxsIGZpbGVzIGluIFwiL3Zhci9sb2cvXCIgaGF2ZSBhcHByb3ByaWF0ZSBwZXJtaXNzaW9ucyBhbmQgb3duZXJzaGlwCiIKICAgZWxzZQogICAgICAjIHByaW50IHRoZSByZWFzb24gd2h5IHdlIGFyZSBmYWlsaW5nCiAgICAgIGVjaG8gLWUgIgotIEF1ZGl0IFJlc3VsdHM6CiAqKiBGYWlsICoqCiRsX291dHB1dDIiCiAgIGZpCn0=\" | openssl base64 -d -A | /bin/bash|cat"| Response : "find: '/var/log/audit.old.backup.3810': Permission denied\nfind: '/var/log/audit': Permission denied\n\n- Audit Results:\n ** Fail **\n\n - File: \"/var/log/dmesg\" is:\n - Mode: \"0644\" should be \"640\" or more restrictive"| Error : ""| - Command : "LANG=C; cat '/etc/cron.allow'|cat"| Response : "cat: /etc/cron.allow: Permission denied"| Error : ""| - Command : "LANG=C; cat '/etc/cron.d'|cat"| Response : "cat: /etc/cron.d: Permission denied"| Error : ""| - Command : "LANG=C; cat '/etc/cron.daily'|cat"| Response : "cat: /etc/cron.daily: Permission denied"| Error : ""| - Command : "LANG=C; cat '/etc/cron.deny'|cat"| Response : "cat: /etc/cron.deny: Permission denied"| Error : ""| - Command : "LANG=C; cat '/etc/cron.hourly'|cat"| Response : "cat: /etc/cron.hourly: Permission denied"| Error : ""| - Command : "LANG=C; cat '/etc/cron.monthly'|cat"| Response : "cat: /etc/cron.monthly: Permission denied"| Error : ""| - Command : "LANG=C; cat '/etc/cron.weekly'|cat"| Response : "cat: /etc/cron.weekly: Permission denied"| Error : ""| - Command : "LANG=C; cat '/etc/crontab'|cat"| Response : "cat: /etc/crontab: Permission denied"| Error : ""| - Command : "LANG=C; echo \"IyEvYmluL2Jhc2gKCnsKICAgbF9vdXRwdXQ9IiIgbF9vdXRwdXQyPSIiIGxfb3V0cHV0Mz0iIgogICBsX2JmPSIiIGxfZGY9IiIgbF9uZj0iIiBsX2hmPSIiCiAgIGxfdmFsaWRfc2hlbGxzPSJeKCQoIGF3ayAtRlwvICckTkYgIT0gIm5vbG9naW4iIHtwcmludH0nIC9ldGMvc2hlbGxzIHwgc2VkIC1ybiAnL15cLy97cywvLFxcXFwvLGc7cH0nIHwgcGFzdGUgLXMgLWQgJ3wnIC0gKSkkIgogICB1bnNldCBhX3VhcnIgJiYgYV91YXJyPSgpICMgQ2xlYXIgYW5kIGluaXRpYWxpemUgYXJyYXkKICAgd2hpbGUgcmVhZCAtciBsX2VwdSBsX2VwaDsgZG8gIyBQb3B1bGF0ZSBhcnJheSB3aXRoIHVzZXJzIGFuZCB1c2VyIGhvbWUgbG9jYXRpb24KICAgICAgW1sgLW4gIiRsX2VwdSIgJiYgLW4gIiRsX2VwaCIgXV0gJiYgYV91YXJyKz0oIiRsX2VwdSAkbF9lcGgiKQogICBkb25lIDw8PCAiJChhd2sgLXYgcGF0PSIkbF92YWxpZF9zaGVsbHMiIC1GOiAnJChORikgfiBwYXQgeyBwcmludCAkMSAiICIgJChORi0xKSB9JyAvZXRjL3Bhc3N3ZCkiCiAgIGxfYXNpemU9IiR7I2FfdWFycltAXX0iICMgSGVyZSBpZiB3ZSB3YW50IHRvIGxvb2sgYXQgbnVtYmVyIG9mIHVzZXJzIGJlZm9yZSBwcm9jZWVkaW5nCiAgIGxfbWF4c2l6ZT0iMTAwMCIgIyBNYXhpbXVuIG51bWJlciBvZiBsb2NhbCBpbnRl
A5: oracle_post.nessus | B5: 192.168.0.75 | C5: RB-NT-201.redbelt.com.br | D5: 19506 | E5: tcp | F5: 0 | G5: 0 | H5: Settings | I5: Nessus Scan Information | J5: N/A | K5: N/A | L5: N/A | M5: N/A | N5: N/A | O5: N/A | P5: N/A | Q5: N/A | R5: N/A | S5: N/A | T5: Information about this scan : ||Nessus version : 10.10.1|Nessus build : 20010|Plugin feed version : 202511110033|Scanner edition used : Nessus|Scanner OS : WINDOWS|Scanner distribution : win-x86-64|Scan type : Normal|Scan name : Teste - Oracle Linux|Scan policy used : Policy Compliance Auditing|Scanner IP : 192.168.0.23|Port scanner(s) : netstat |Port range : default|Ping RTT : 282.402 ms|Thorough tests : no|Experimental tests : no|Scan for Unpatched Vulnerabilities : no|Plugin debugging enabled : no|Paranoia level : 1|Report verbosity : 1|Safe checks : yes|Optimize the test : yes|Credentialed checks : yes as 'master' via ssh|Attempt Least Privilege : no|Patch management checks : None|Display superseded patches : yes (supersedence plugin did not launch)|CGI scanning : disabled|Web application tests : disabled|Max hosts : 30|Max checks : 4|Recv timeout : 5|Backports : None|Allow post-scan editing : Yes|Nessus Plugin Signature Checking : Enabled|Audit File Signature Checking : Disabled|Scan Start Date : 2025/11/11 13:10 E. South America Standard Time (UTC -03:00)|Scan duration : 494 sec|Scan for malware : no|
A6: oracle_post.nessus | B6: 192.168.0.75 | C6: RB-NT-201.redbelt.com.br | D6: 55472 | E6: tcp | F6: 0 | G6: 0 | H6: General | I6: Device Hostname | J6: N/A | K6: N/A | L6: N/A | M6: N/A | N6: N/A | O6: N/A | P6: N/A | Q6: N/A | R6: N/A | S6: N/A | T6: | Hostname : ol7-vm| ol7-vm (hostname command)
A7: oracle_post.nessus | B7: 192.168.0.75 | C7: RB-NT-201.redbelt.com.br | D7: 33276 | E7: tcp | F7: 0 | G7: 0 | H7: General | I7: Enumerate MAC Addresses via SSH | J7: N/A | K7: N/A | L7: N/A | M7: N/A | N7: N/A | O7: N/A | P7: N/A | Q7: N/A | R7: N/A | S7: N/A | T7: |The following MAC address exists on the remote host :|| - 00:0c:29:3c:8a:36 (interface ens33)|
A8: oracle_post.nessus | B8: 192.168.0.75 | C8: RB-NT-201.redbelt.com.br | D8: 25203 | E8: tcp | F8: 0 | G8: 0 | H8: General | I8: Enumerate IPv4 Interfaces via SSH | J8: N/A | K8: N/A | L8: N/A | M8: N/A | N8: N/A | O8: N/A | P8: N/A | Q8: N/A | R8: N/A | S8: N/A | T8: |The following IPv4 addresses are set on the remote host :|| - 127.0.0.1 (on interface lo)| - 192.168.0.75 (on interface ens33)|
A9: oracle_post.nessus | B9: 192.168.0.75 | C9: RB-NT-201.redbelt.com.br | D9: 25202 | E9: tcp | F9: 0 | G9: 0 | H9: General | I9: Enumerate IPv6 Interfaces via SSH | J9: N/A | K9: N/A | L9: N/A | M9: N/A | N9: N/A | O9: N/A | P9: N/A | Q9: N/A | R9: N/A | S9: N/A | T9: |The following IPv6 interfaces are set on the remote host :|| - ::1 (on interface lo)| - fe80::edd3:b2e3:b0e3:cb8b (on interface ens33)|
A10: oracle_post.nessus | B10: 192.168.0.75 | C10: RB-NT-201.redbelt.com.br | D10: 14272 | E10: tcp | F10: 22 | G10: 0 | H10: Port scanners | I10: Netstat Portscanner (SSH) | J10: N/A | K10: N/A | L10: N/A | M10: N/A | N10: N/A | O10: N/A | P10: N/A | Q10: N/A | R10: N/A | S10: N/A | T10: Port 22/tcp was found to be open
A11: oracle_post.nessus | B11: 192.168.0.75 | C11: RB-NT-201.redbelt.com.br | D11: 14272 | E11: udp | F11: 68 | G11: 0 | H11: Port scanners | I11: Netstat Portscanner (SSH) | J11: N/A | K11: N/A | L11: N/A | M11: N/A | N11: N/A | O11: N/A | P11: N/A | Q11: N/A | R11: N/A | S11: N/A | T11: Port 68/udp was found to be open

Sheet ScanInfo
A1: 'Home Worksheet'!A1
A2: File | B2: IP Address | C2: FQDN | D2: Operating System | E2: System Type | F2: Scan Start | G2: Scan End | H2: Scan Duration | I2: Experimental Tests | J2: Credentialed Checks | K2: Patch Management Checks | L2: Safe Checks | M2: CGI Scanning | N2: We Application Tests | O2: Paranoia level | P2: Thorough tests
A3: oracle_post.nessus | B3: 192.168.0.75 | C3: 192.168.0.75 | D3: Linux Kernel 4.14.35-2047.543.3.1.el7uek.x86_64 on Oracle Linux Server release 7.9 | E3: general-purpose | F3: Tue Nov 11 13:09:52 2025 | G3: Tue Nov 11 13:18:28 2025 | H3: 494 sec | I3: no | J3: yes as 'master' via ssh | K3: None | L3: yes | M3: disabled | N3: disabled | O3: 1 | P3: no

Sheet CVSSv3 Score Total
A1: 'Home Worksheet'!A1
B2: Critical | C2: High | D2: Medium
A3: Multiplier | B3: 1 | C3: 1 | D3: 1
A5: Host IP Address | B5: Total | C5: Base Total | D5: Temporal Total | E5: Base Critical Severity (4) | F5: Temporal Critical Severity (4) | G5: Base High Severity (3) | H5: Temporal High Severity (3) | I5: Base Medium Severity (2) | J5: Temporal Medium Severity (2)

Sheet Information
A1: 'Home Worksheet'!A1
A2: File | B2: plugin Family | C2: plugin id | D2: plugin Name | E2: count | F2: Bid | G2: CVE | H2: OSVDB | I2: CVSSv3 Vector | J2: CVSSv3 Base Score | K2: CVSSv3 Temporal Score | L2: Solution | M2: Description | N2: Exploitability Ease | O2: Exploit Available | P2: Exploit Framework Canvas | Q2: Exploit Framework Metasploit | R2: Exploit Framework Core | S2: Metasploit Name | T2: Canvas Package | U2: Solution | V2: Synopsis | W2: plugin_publication_date | X2: plugin_modification_date | Y2: patch_publication_date | Z2: vuln_publication_date
A3: oracle_post.nessus | B3: Settings | C3: 141118 | D3: Target Credential Status by Authentication Protocol - Valid Credentials Provided | E3: 1 | I3: N/A | J3: N/A | K3: N/A | L3: n/a | M3: Nessus was able to determine that valid credentials were provided for an authentication protocol available on the remote target because it was able to successfully authenticate directly to the remote target using that authentication protocol at least once. Authentication was successful because the authentication protocol service was available remotely| the service was able to be identified| the authentication protocol was able to be negotiated successfully| and a set of credentials provided in the scan policy for that authentication protocol was accepted by the remote service. See plugin output for details| including protocol| port| and account. Please note the following : - This plugin reports per protocol| so it is possible for valid credentials to be provided for one protocol and not another. For example| authentication may succeed via SSH but fail via SMB| while no credentials were provided for an available SNMP service. - Providing valid credentials for all available authentication protocols may improve scan coverage| but the value of successful authentication for a given protocol may vary from target to target depending upon what data (if any) is gathered from the target via that protocol. For example| successful authentication via SSH is more valuable for Linux targets than for Windows targets| and likewise successful authentication via SMB is more valuable for Windows targets than for Linux targets. | N3: N/A | O3: N/A | P3: N/A | Q3: N/A | R3: N/A | S3: N/A | T3: N/A | U3: n/a | V3: Valid credentials were provided for an available authentication protocol. | W3: 2020/10/15 | X3: 2024/03/25
A4: oracle_post.nessus | B4: Settings | C4: 102094 | D4: SSH Commands Require Privilege Escalation | E4: 1 | H4: IAVB:0001-B-0507 | I4: N/A | J4: N/A | K4: N/A | L4: n/a | M4: This plugin reports the SSH commands that failed with a response indicating that privilege escalation is required to run them. Either privilege escalation credentials were not provided| or the command failed to run with the provided privilege escalation credentials. NOTE: Due to limitations inherent to the majority of SSH servers| this plugin may falsely report failures for commands containing error output expected by sudo| such as 'incorrect password'| 'not in the sudoers file'| or 'not allowed to execute'. | N4: N/A | O4: N/A | P4: N/A | Q4: N/A | R4: N/A | S4: N/A | T4: N/A | U4: n/a | V4: This plugin reports the SSH commands that failed with a response indicating that privilege escalation is required to run them. | W4: 2017/08/01 | X4: 2020/09/22
A5: oracle_post.nessus | B5: Settings | C5: 19506 | D5: Nessus Scan Information | E5: 1 | I5: N/A | J5: N/A | K5: N/A | L5: n/a | M5: This plugin displays| for each tested host| information about the scan itself : - The version of the plugin set. - The type of scanner (Nessus or Nessus Home). - The version of the Nessus Engine. - The port scanner(s) used. - The port range scanned. - The ping round trip time - Whether credentialed or third-party patch management checks are possible. - Whether the display of superseded patches is enabled - The date of the scan. - The duration of the scan. - The number of hosts scanned in parallel. - The number of checks done in parallel. | N5: N/A | O5: N/A | P5: N/A | Q5: N/A | R5: N/A | S5: N/A | T5: N/A | U5: n/a | V5: This plugin displays information about the Nessus scan. | W5: 2005/08/26 | X5: 2025/10/29
A6: oracle_post.nessus | B6: General | C6: 55472 | D6: Device Hostname | E6: 1 | I6: N/A | J6: N/A | K6: N/A | L6: n/a | M6: This plugin reports a device's hostname collected via SSH or WMI. | N6: N/A | O6: N/A | P6: N/A | Q6: N/A | R6: N/A | S6: N/A | T6: N/A | U6: n/a | V6: It was possible to determine the remote system hostname. | W6: 2011/06/30 | X6: 2025/11/03
A7: oracle_post.nessus | B7: General | C7: 33276 | D7: Enumerate MAC Addresses via SSH | E7: 1 | I7: N/A | J7: N/A | K7: N/A | L7: Disable any unused interfaces. | M7: Nessus was able to enumerate MAC addresses by connecting to the remote host via SSH with the supplied credentials. | N7: N/A | O7: N/A | P7: N/A | Q7: N/A | R7: N/A | S7: N/A | T7: N/A | U7: Disable any unused interfaces. | V7: Nessus was able to enumerate MAC addresses on the remote host. | W7: 2008/06/30 | X7: 2022/12/20
A8: oracle_post.nessus | B8: General | C8: 25203 | D8: Enumerate IPv4 Interfaces via SSH | E8: 1 | I8: N/A | J8: N/A | K8: N/A | L8: Disable any unused IPv4 interfaces. | M8: Nessus was able to enumerate the network interfaces configured with IPv4 addresses by connecting to the remote host via SSH using the supplied credentials. | N8: N/A | O8: N/A | P8: N/A | Q8: N/A | R8: N/A | S8: N/A | T8: N/A | U8: Disable any unused IPv4 interfaces. | V8: Nessus was able to enumerate the IPv4 interfaces on the remote host. | W8: 2007/05/11 | X8: 2025/09/24
A9: oracle_post.nessus | B9: General | C9: 25202 | D9: Enumerate IPv6 Interfaces via SSH | E9: 1 | I9: N/A | J9: N/A | K9: N/A | L9: Disable IPv6 if you are not actually using it. Otherwise| disable any unused IPv6 interfaces. | M9: Nessus was able to enumerate the network interfaces configured with IPv6 addresses by connecting to the remote host via SSH using the supplied credentials. | N9: N/A | O9: N/A | P9: N/A | Q9: N/A | R9: N/A | S9: N/A | T9: N/A | U9: Disable IPv6 if you are not actually using it. Otherwise| disable any unused IPv6 interfaces. | V9: Nessus was able to enumerate the IPv6 interfaces on the remote host. | W9: 2007/05/11 | X9: 2025/09/24

Sheet CPE Report Data
A1: 'Home Worksheet'!A1
A2: File | B2: IP Address | C2: FQDN | D2: Netbios Name | E2: Name | F2: Plugin Family | G2: Plugin ID | H2: Plugin Name | I2: CPE | J2: CPE Source

Sheet Device Type
A1: 'Home Worksheet'!A1
A2: File | B2: IP Address | C2: FQDN | D2: Netbios Name | E2: Name | F2: Device Type | G2: Confidence Level

Sheet HostConfigData
A1: 'Home Worksheet'!A1
A2: File | B2: IP Address | C2: FQDN | D2: Netbios Name | E2: OS | F2: Local Check Protocol | G2: MAC Address | H2: IP / Name | I2: Severity None (0) | J2: Severity Low (1) | K2: Severity Medium (2) | L2: Severity High (3) | M2: Severity Critical (4) | N2: Minimum password len | O2: Password history len | P2: Maximum password age days | Q2: Password must meet complexity requirements | R2: Minimum password age days | S2: Forced logoff time Seconds | T2: Locked account time seconds | U2: Time between failed logon seconds | V2: Number of invalid logon before locked out seconds
A3: oracle_post.nessus | B3: 192.168.0.75 | C3: RB-NT-201.redbelt.com.br | E3: Linux Kernel 4.14.35-2047.543.3.1.el7uek.x86_64 on Oracle Linux Server release 7.9 | F3: ssh | G3: 00:0C:29:3C:8A:36 4C:5F:70:AB:64:A4 | H3: 192.168.0.75 | I3: 10 | J3: 0 | K3: 0 | L3: 0 | M3: 0

Sheet portScanData
A1: 'Home Worksheet'!A1
A2: File | B2: IP Address | C2: FQDN | D2: Netbios Name | E2: OS | F2: Plugin Name | G2: Protocol | H2: Port | I2: Sevice Name | J2: Plugin Output | K2: DELETE
A3: oracle_post.nessus | B3: 192.168.0.75 | C3: RB-NT-201.redbelt.com.br | E3: Linux Kernel 4.14.35-2047.543.3.1.el7uek.x86_64 on Oracle Linux Server release 7.9 | F3: Netstat Portscanner (SSH) | G3: tcp | H3: 22 | I3: ssh | J3: Port 22/tcp was found to be open | K3: Port scanners
A4: oracle_post.nessus | B4: 192.168.0.75 | C4: RB-NT-201.redbelt.com.br | E4: Linux Kernel 4.14.35-2047.543.3.1.el7uek.x86_64 on Oracle Linux Server release 7.9 | F4: Netstat Portscanner (SSH) | G4: udp | H4: 68 | I4: bootpc? | J4: Port 68/udp was found to be open | K4: Port scanners

Sheet Sheet1
A3: Row Labels | B3: Count of Result
A4: ERROR | B4: 5
A5: FAILED | B5: 92
A6: PASSED | B6: 196
A7: WARNING | B7: 10
A8: Grand Total | B8: 303

Sheet Unix Policy
A1: File | B1: IP Address | C1: FQDN | D1: PluginID | E1: Severity | F1: Audit File | G1: Policy Setting | H1: Result | I1: System Value/Error Messages | J1: Compliance Requirement | K1: Description of Requirement | L1: Solution | M1: Authority Document | N1: Cross References
A2: oracle_post.nessus | B2: 192.168.0.75 | C2: RB-NT-201.redbelt.com.br | D2: 21157 | E2: 0 | F2: CIS_Oracle_Linux_7_v4.0.0_L1_Server.audit | G2: 1.1.1.1 Ensure cramfs kernel module is not available | H2: PASSED | I2: The command script with multiple lines returned : -- INFO -- - module: "cramfs" exists in: - "/lib/modules/3.10.0-1062.el7.x86_64/kernel/fs" - "/lib/modules/3.10.0-1160.119.1.0.5.el7.x86_64/kernel/fs" - "/lib/modules/4.14.35-1902.3.2.el7uek.x86_64/kernel/fs" - "/lib/modules/4.14.35-2047.543.3.1.el7uek.x86_64/kernel/fs" - Audit Result: ** PASS ** - module: "cramfs" is deny listed in: "/etc/modprobe.d/cramfs.conf" - module: "cramfs" is not loadable: "install /bin/false " - module: "cramfs" is not loaded | J2: cmd: multiple line script dont_echo_cmd: NO expect: (?i)^[\s]*\**[\s]*pass:?[\s]*\**$ | K2: The cramfs filesystem type is a compressed read-only Linux filesystem embedded in small footprint systems. A cramfs image can be used without having to first decompress the image. Removing support for unneeded filesystem types reduces the local attack surface of the system. If this filesystem type is not needed, disable it. | L2: Run the following script to disable the cramfs module: -IF- the module is available in the running kernel: - Create a file ending inconf with install cramfs /bin/false in the /etc/modprobe.d/ directory - Create a file ending inconf with blacklist cramfs in the /etc/modprobe.d/ directory - Unload cramfs from the kernel -IF- available in ANY installed kernel: - Create a file ending inconf with blacklist cramfs in the /etc/modprobe.d/ directory -IF- the kernel module is not available on the system or pre-compiled into the kernel: - No remediation is necessary #!/usr/bin/env bash { l_mname="cramfs" # set module name l_mtype="fs" # set module type l_mpath="/lib/modules/**/kernel/$l_mtype" l_mpname="$(tr '-' '_' <<< "$l_mname")" l_mndir="$(tr '-' '/' <<< "$l_mname")" module_loadable_fix() { # If the module is currently loadable, add "install {MODULE_NAME} /bin/false" to a file in "/etc/modprobe.d" l_loadable="$(modprobe -n -v "$l_mname")" [ "$(wc -l <<< "$l_loadable")" -gt "1" ] && l_loadable="$(grep -P -- "(^h*install|b$l_mname)b" <<< "$l_loadable")" if ! grep -Pq -- '^h*install /bin/(true|false)' <<< "$l_loadable"; then echo -e " - setting module: \"$l_mname\" to be not loadable" echo -e "install $l_mname /bin/false" >> /etc/modprobe.d/"$l_mpname".conf fi } module_loaded_fix() { # If the module is currently loaded, unload the module if lsmod | grep "$l_mname" > /dev/null 2>&1; then echo -e " - unloading module \"$l_mname\"" modprobe -r "$l_mname" fi } module_deny_fix() { # If the module isn't deny listed, denylist the module if ! modprobe --showconfig | grep -Pq -- "^h*blacklisth+$l_mpnameb"; then echo -e " - deny listing \"$l_mname\"" echo -e "blacklist $l_mname" >> /etc/modprobe.d/"$l_mpname".conf fi } # Check if the module exists on the system for l_mdir in $l_mpath; do if [ -d "$l_mdir/$l_mndir" ] && [ -n "$(ls -A $l_mdir/$l_mndir)" ]; then echo -e " - module: \"$l_mname\" exists in \"$l_mdir\" - checking if disabled..." module_deny_fix if [ "$l_mdir" = "/lib/modules/$(uname -r)/kernel/$l_mtype" ]; then module_loadable_fix module_loaded_fix fi else echo -e " - module: \"$l_mname\" doesn't exist in \"$l_mdir\" " fi done echo -e " - remediation of module: \"$l_mname\" complete " } | M2: https://workbench.cisecurity.org/benchmarks/15965 | N2: 800-171|3.4.2, 800-171|3.4.6, 800-171|3.4.7, 800-171r3|03.04.02, 800-171r3|03.04.06, 800-53|CM-6, 800-53|CM-7, 800-53r5|CM-6, 800-53r5|CM-7, CSCv7|9.2, CSCv8|4.8, CSF|PR.IP-1, CSF|PR.PT-3, CSF2.0|DE.CM-09, CSF2.0|PR.PS-01, GDPR|32.1.b, HIPAA|164.306(a)(1), ISO-27001-2022|A.8.9, ITSG-33|CM-6, ITSG-33|CM-7, LEVEL|1A, NIAv2|SS15a, PCI-DSSv3.2.1|2.2.2, SWIFT-CSCv1|2.3
A3: oracle_post.nessus | B3: 192.168.0.75 | C3: RB-NT-201.redbelt.com.br | D3: 21157 | E3: 0 | F3: CIS_Oracle_Linux_7_v4.0.0_L1_Server.audit | G3: 1.1.1.2 Ensure freevxfs kernel module is not available | H3: PASSED | I3: The command script with multiple lines returned : - Audit Result: ** PASS ** - module: "freevxfs" doesn't exist in "/lib/modules/3.10.0-1062.el7.x86_64/kernel/fs" - module: "freevxfs" doesn't exist in "/lib/modules/3.10.0-1160.119.1.0.5.el7.x86_64/kernel/fs" - module: "freevxfs" doesn't exist in "/lib/modules/4.14.35-1902.3.2.el7uek.x86_64/kernel/fs" - module: "freevxfs" doesn't exist in "/lib/modules/4.14.35-2047.543.3.1.el7uek.x86_64/kernel/fs" | J3: cmd: multiple line script dont_echo_cmd: NO expect: (?i)^[\s]*\**[\s]*pass:?[\s]*\**$ | K3: The freevxfs filesystem type is a free version of the Veritas type filesystem. This is the primary filesystem type for HP-UX operating systems. Removing support for unneeded filesystem types reduces the local attack surface of the system. If this filesystem type is not needed, disable it. | L3: Run the following script to disable the freevxfs module: -IF- the module is available in the running kernel: - Create a file ending inconf with install freevxfs /bin/false in the /etc/modprobe.d/ directory - Create a file ending inconf with blacklist freevxfs in the /etc/modprobe.d/ directory - Unload freevxfs from the kernel -IF- available in ANY installed kernel: - Create a file ending inconf with blacklist freevxfs in the /etc/modprobe.d/ directory -IF- the kernel module is not available on the system or pre-compiled into the kernel: - No remediation is necessary #!/usr/bin/env bash { l_mname="freevxfs" # set module name l_mtype="fs" # set module type l_mpath="/lib/modules/**/kernel/$l_mtype" l_mpname="$(tr '-' '_' <<< "$l_mname")" l_mndir="$(tr '-' '/' <<< "$l_mname")" module_loadable_fix() { # If the module is currently loadable, add "install {MODULE_NAME} /bin/false" to a file in "/etc/modprobe.d" l_loadable="$(modprobe -n -v "$l_mname")" [ "$(wc -l <<< "$l_loadable")" -gt "1" ] && l_loadable="$(grep -P -- "(^h*install|b$l_mname)b" <<< "$l_loadable")" if ! grep -Pq -- '^h*install /bin/(true|false)' <<< "$l_loadable"; then echo -e " - setting module: \"$l_mname\" to be not loadable" echo -e "install $l_mname /bin/false" >> /etc/modprobe.d/"$l_mpname".conf fi } module_loaded_fix() { # If the module is currently loaded, unload the module if lsmod | grep "$l_mname" > /dev/null 2>&1; then echo -e " - unloading module \"$l_mname\"" modprobe -r "$l_mname" fi } module_deny_fix() { # If the module isn't deny listed, denylist the module if ! modprobe --showconfig | grep -Pq -- "^h*blacklisth+$l_mpnameb"; then echo -e " - deny listing \"$l_mname\"" echo -e "blacklist $l_mname" >> /etc/modprobe.d/"$l_mpname".conf fi } # Check if the module exists on the system for l_mdir in $l_mpath; do if [ -d "$l_mdir/$l_mndir" ] && [ -n "$(ls -A $l_mdir/$l_mndir)" ]; then echo -e " - module: \"$l_mname\" exists in \"$l_mdir\" - checking if disabled..." module_deny_fix if [ "$l_mdir" = "/lib/modules/$(uname -r)/kernel/$l_mtype" ]; then module_loadable_fix module_loaded_fix fi else echo -e " - module: \"$l_mname\" doesn't exist in \"$l_mdir\" " fi done echo -e " - remediation of module: \"$l_mname\" complete " } | M3: https://workbench.cisecurity.org/benchmarks/15965 | N3: 800-171|3.4.2, 800-171|3.4.6, 800-171|3.4.7, 800-171r3|03.04.02, 800-171r3|03.04.06, 800-53|CM-6, 800-53|CM-7, 800-53r5|CM-6, 800-53r5|CM-7, CSCv7|9.2, CSCv8|4.8, CSF|PR.IP-1, CSF|PR.PT-3, CSF2.0|DE.CM-09, CSF2.0|PR.PS-01, GDPR|32.1.b, HIPAA|164.306(a)(1), ISO-27001-2022|A.8.9, ITSG-33|CM-6, ITSG-33|CM-7, LEVEL|1A, NIAv2|SS15a, PCI-DSSv3.2.1|2.2.2, SWIFT-CSCv1|2.3
A4: oracle_post.nessus | B4: 192.168.0.75 | C4: RB-NT-201.redbelt.com.br | D4: 21157 | E4: 0 | F4: CIS_Oracle_Linux_7_v4.0.0_L1_Server.audit | G4: 1.1.1.3 Ensure hfs kernel module is not available | H4: PASSED | I4: The command script with multiple lines returned : - Audit Result: ** PASS ** - module: "hfs" doesn't exist in "/lib/modules/3.10.0-1062.el7.x86_64/kernel/fs" - module: "hfs" doesn't exist in "/lib/modules/3.10.0-1160.119.1.0.5.el7.x86_64/kernel/fs" - module: "hfs" doesn't exist in "/lib/modules/4.14.35-1902.3.2.el7uek.x86_64/kernel/fs" - module: "hfs" doesn't exist in "/lib/modules/4.14.35-2047.543.3.1.el7uek.x86_64/kernel/fs" | J4: cmd: multiple line script dont_echo_cmd: NO expect: (?i)^[\s]*\**[\s]*pass:?[\s]*\**$ | K4: The hfs filesystem type is a hierarchical filesystem that allows you to mount Mac OS filesystems. Removing support for unneeded filesystem types reduces the local attack surface of the system. If this filesystem type is not needed, disable it. | L4: Run the following script to disable the hfs module: -IF- the module is available in the running kernel: - Create a file ending inconf with install hfs /bin/false in the /etc/modprobe.d/ directory - Create a file ending inconf with blacklist hfs in the /etc/modprobe.d/ directory - Unload hfs from the kernel -IF- available in ANY installed kernel: - Create a file ending inconf with blacklist hfs in the /etc/modprobe.d/ directory -IF- the kernel module is not available on the system or pre-compiled into the kernel: - No remediation is necessary #!/usr/bin/env bash { l_mname="hfs" # set module name l_mtype="fs" # set module type l_mpath="/lib/modules/**/kernel/$l_mtype" l_mpname="$(tr '-' '_' <<< "$l_mname")" l_mndir="$(tr '-' '/' <<< "$l_mname")" module_loadable_fix() { # If the module is currently loadable, add "install {MODULE_NAME} /bin/false" to a file in "/etc/modprobe.d" l_loadable="$(modprobe -n -v "$l_mname")" [ "$(wc -l <<< "$l_loadable")" -gt "1" ] && l_loadable="$(grep -P -- "(^h*install|b$l_mname)b" <<< "$l_loadable")" if ! grep -Pq -- '^h*install /bin/(true|false)' <<< "$l_loadable"; then echo -e " - setting module: \"$l_mname\" to be not loadable" echo -e "install $l_mname /bin/false" >> /etc/modprobe.d/"$l_mpname".conf fi } module_loaded_fix() { # If the module is currently loaded, unload the module if lsmod | grep "$l_mname" > /dev/null 2>&1; then echo -e " - unloading module \"$l_mname\"" modprobe -r "$l_mname" fi } module_deny_fix() { # If the module isn't deny listed, denylist the module if ! modprobe --showconfig | grep -Pq -- "^h*blacklisth+$l_mpnameb"; then echo -e " - deny listing \"$l_mname\"" echo -e "blacklist $l_mname" >> /etc/modprobe.d/"$l_mpname".conf fi } # Check if the module exists on the system for l_mdir in $l_mpath; do if [ -d "$l_mdir/$l_mndir" ] && [ -n "$(ls -A $l_mdir/$l_mndir)" ]; then echo -e " - module: \"$l_mname\" exists in \"$l_mdir\" - checking if disabled..." module_deny_fix if [ "$l_mdir" = "/lib/modules/$(uname -r)/kernel/$l_mtype" ]; then module_loadable_fix module_loaded_fix fi else echo -e " - module: \"$l_mname\" doesn't exist in \"$l_mdir\" " fi done echo -e " - remediation of module: \"$l_mname\" complete " } | M4: https://workbench.cisecurity.org/benchmarks/15965 | N4: 800-171|3.4.2, 800-171|3.4.6, 800-171|3.4.7, 800-171r3|03.04.02, 800-171r3|03.04.06, 800-53|CM-6, 800-53|CM-7, 800-53r5|CM-6, 800-53r5|CM-7, CSCv7|9.2, CSCv8|4.8, CSF|PR.IP-1, CSF|PR.PT-3, CSF2.0|DE.CM-09, CSF2.0|PR.PS-01, GDPR|32.1.b, HIPAA|164.306(a)(1), ISO-27001-2022|A.8.9, ITSG-33|CM-6, ITSG-33|CM-7, LEVEL|1A, NIAv2|SS15a, PCI-DSSv3.2.1|2.2.2, SWIFT-CSCv1|2.3
A5: oracle_post.nessus | B5: 192.168.0.75 | C5: RB-NT-201.redbelt.com.br | D5: 21157 | E5: 0 | F5: CIS_Oracle_Linux_7_v4.0.0_L1_Server.audit | G5: 1.1.1.4 Ensure hfsplus kernel module is not available | H5: PASSED | I5: The command script with multiple lines returned : - Audit Result: ** PASS ** - module: "hfsplus" doesn't exist in "/lib/modules/3.10.0-1062.el7.x86_64/kernel/fs" - module: "hfsplus" doesn't exist in "/lib/modules/3.10.0-1160.119.1.0.5.el7.x86_64/kernel/fs" - module: "hfsplus" doesn't exist in "/lib/modules/4.14.35-1902.3.2.el7uek.x86_64/kernel/fs" - module: "hfsplus" doesn't exist in "/lib/modules/4.14.35-2047.543.3.1.el7uek.x86_64/kernel/fs" | J5: cmd: multiple line script dont_echo_cmd: NO expect: (?i)^[\s]*\**[\s]*pass:?[\s]*\**$ | K5: The hfsplus filesystem type is a hierarchical filesystem designed to replace hfs that allows you to mount Mac OS filesystems. Removing support for unneeded filesystem types reduces the local attack surface of the system. If this filesystem type is not needed, disable it. | L5: Run the following script to disable the hfsplus module: -IF- the module is available in the running kernel: - Create a file ending inconf with install hfsplus /bin/false in the /etc/modprobe.d/ directory - Create a file ending inconf with blacklist hfsplus in the /etc/modprobe.d/ directory - Unload hfsplus from the kernel -IF- available in ANY installed kernel: - Create a file ending inconf with blacklist hfsplus in the /etc/modprobe.d/ directory -IF- the kernel module is not available on the system or pre-compiled into the kernel: - No remediation is necessary #!/usr/bin/env bash { l_mname="hfsplus" # set module name l_mtype="fs" # set module type l_mpath="/lib/modules/**/kernel/$l_mtype" l_mpname="$(tr '-' '_' <<< "$l_mname")" l_mndir="$(tr '-' '/' <<< "$l_mname")" module_loadable_fix() { # If the module is currently loadable, add "install {MODULE_NAME} /bin/false" to a file in "/etc/modprobe.d" l_loadable="$(modprobe -n -v "$l_mname")" [ "$(wc -l <<< "$l_loadable")" -gt "1" ] && l_loadable="$(grep -P -- "(^h*install|b$l_mname)b" <<< "$l_loadable")" if ! grep -Pq -- '^h*install /bin/(true|false)' <<< "$l_loadable"; then echo -e " - setting module: \"$l_mname\" to be not loadable" echo -e "install $l_mname /bin/false" >> /etc/modprobe.d/"$l_mpname".conf fi } module_loaded_fix() { # If the module is currently loaded, unload the module if lsmod | grep "$l_mname" > /dev/null 2>&1; then echo -e " - unloading module \"$l_mname\"" modprobe -r "$l_mname" fi } module_deny_fix() { # If the module isn't deny listed, denylist the module if ! modprobe --showconfig | grep -Pq -- "^h*blacklisth+$l_mpnameb"; then echo -e " - deny listing \"$l_mname\"" echo -e "blacklist $l_mname" >> /etc/modprobe.d/"$l_mpname".conf fi } # Check if the module exists on the system for l_mdir in $l_mpath; do if [ -d "$l_mdir/$l_mndir" ] && [ -n "$(ls -A $l_mdir/$l_mndir)" ]; then echo -e " - module: \"$l_mname\" exists in \"$l_mdir\" - checking if disabled..." module_deny_fix if [ "$l_mdir" = "/lib/modules/$(uname -r)/kernel/$l_mtype" ]; then module_loadable_fix module_loaded_fix fi else echo -e " - module: \"$l_mname\" doesn't exist in \"$l_mdir\" " fi done echo -e " - remediation of module: \"$l_mname\" complete " } | M5: https://workbench.cisecurity.org/benchmarks/15965 | N5: 800-171|3.4.2, 800-171|3.4.6, 800-171|3.4.7, 800-171r3|03.04.02, 800-171r3|03.04.06, 800-53|CM-6, 800-53|CM-7, 800-53r5|CM-6, 800-53r5|CM-7, CSCv7|9.2, CSCv8|4.8, CSF|PR.IP-1, CSF|PR.PT-3, CSF2.0|DE.CM-09, CSF2.0|PR.PS-01, GDPR|32.1.b, HIPAA|164.306(a)(1), ISO-27001-2022|A.8.9, ITSG-33|CM-6, ITSG-33|CM-7, LEVEL|1A, NIAv2|SS15a, PCI-DSSv3.2.1|2.2.2, SWIFT-CSCv1|2.3
A6: oracle_post.nessus | B6: 192.168.0.75 | C6: RB-NT-201.redbelt.com.br | D6: 21157 | E6: 0 | F6: CIS_Oracle_Linux_7_v4.0.0_L1_Server.audit | G6: 1.1.1.5 Ensure jffs2 kernel module is not available | H6: PASSED | I6: The command script with multiple lines returned : -- INFO -- - module: "jffs2" exists in: - "/lib/modules/4.14.35-1902.3.2.el7uek.x86_64/kernel/fs" - "/lib/modules/4.14.35-2047.543.3.1.el7uek.x86_64/kernel/fs" - Audit Result: ** PASS ** - module: "jffs2" doesn't exist in "/lib/modules/3.10.0-1062.el7.x86_64/kernel/fs" - module: "jffs2" doesn't exist in "/lib/modules/3.10.0-1160.119.1.0.5.el7.x86_64/kernel/fs" - module: "jffs2" is deny listed in: "/etc/modprobe.d/jffs2.conf" - module: "jffs2" is not loadable: "install /bin/false " - module: "jffs2" is not loaded | J6: cmd: multiple line script dont_echo_cmd: NO expect: (?i)^[\s]*\**[\s]*pass:?[\s]*\**$ | K6: The jffs2 (journaling flash filesystem 2) filesystem type is a log-structured filesystem used in flash memory devices. Removing support for unneeded filesystem types reduces the local attack surface of the system. If this filesystem type is not needed, disable it. | L6: Run the following script to disable the jffs2 module: -IF- the module is available in the running kernel: - Create a file ending inconf with install jffs2 /bin/false in the /etc/modprobe.d/ directory - Create a file ending inconf with blacklist jffs2 in the /etc/modprobe.d/ directory - Unload jffs2 from the kernel -IF- available in ANY installed kernel: - Create a file ending inconf with blacklist jffs2 in the /etc/modprobe.d/ directory -IF- the kernel module is not available on the system or pre-compiled into the kernel: - No remediation is necessary #!/usr/bin/env bash { l_mname="jffs2" # set module name l_mtype="fs" # set module type l_mpath="/lib/modules/**/kernel/$l_mtype" l_mpname="$(tr '-' '_' <<< "$l_mname")" l_mndir="$(tr '-' '/' <<< "$l_mname")" module_loadable_fix() { # If the module is currently loadable, add "install {MODULE_NAME} /bin/false" to a file in "/etc/modprobe.d" l_loadable="$(modprobe -n -v "$l_mname")" [ "$(wc -l <<< "$l_loadable")" -gt "1" ] && l_loadable="$(grep -P -- "(^h*install|b$l_mname)b" <<< "$l_loadable")" if ! grep -Pq -- '^h*install /bin/(true|false)' <<< "$l_loadable"; then echo -e " - setting module: \"$l_mname\" to be not loadable" echo -e "install $l_mname /bin/false" >> /etc/modprobe.d/"$l_mpname".conf fi } module_loaded_fix() { # If the module is currently loaded, unload the module if lsmod | grep "$l_mname" > /dev/null 2>&1; then echo -e " - unloading module \"$l_mname\"" modprobe -r "$l_mname" fi } module_deny_fix() { # If the module isn't deny listed, denylist the module if ! modprobe --showconfig | grep -Pq -- "^h*blacklisth+$l_mpnameb"; then echo -e " - deny listing \"$l_mname\"" echo -e "blacklist $l_mname" >> /etc/modprobe.d/"$l_mpname".conf fi } # Check if the module exists on the system for l_mdir in $l_mpath; do if [ -d "$l_mdir/$l_mndir" ] && [ -n "$(ls -A $l_mdir/$l_mndir)" ]; then echo -e " - module: \"$l_mname\" exists in \"$l_mdir\" - checking if disabled..." module_deny_fix if [ "$l_mdir" = "/lib/modules/$(uname -r)/kernel/$l_mtype" ]; then module_loadable_fix module_loaded_fix fi else echo -e " - module: \"$l_mname\" doesn't exist in \"$l_mdir\" " fi done echo -e " - remediation of module: \"$l_mname\" complete " } | M6: https://workbench.cisecurity.org/benchmarks/15965 | N6: 800-171|3.4.2, 800-171|3.4.6, 800-171|3.4.7, 800-171r3|03.04.02, 800-171r3|03.04.06, 800-53|CM-6, 800-53|CM-7, 800-53r5|CM-6, 800-53r5|CM-7, CSCv7|9.2, CSCv8|4.8, CSF|PR.IP-1, CSF|PR.PT-3, CSF2.0|DE.CM-09, CSF2.0|PR.PS-01, GDPR|32.1.b, HIPAA|164.306(a)(1), ISO-27001-2022|A.8.9, ITSG-33|CM-6, ITSG-33|CM-7, LEVEL|1A, NIAv2|SS15a, PCI-DSSv3.2.1|2.2.2, SWIFT-CSCv1|2.3
A7: oracle_post.nessus | B7: 192.168.0.75 | C7: RB-NT-201.redbelt.com.br | D7: 21157 | E7: 0 | F7: CIS_Oracle_Linux_7_v4.0.0_L2_Server.audit | G7: 1.1.1.6 Ensure squashfs kernel module is not available | H7: PASSED | I7: The command script with multiple lines returned : -- INFO -- - module: "squashfs" exists in: - "/lib/modules/3.10.0-1062.el7.x86_64/kernel/fs" - "/lib/modules/3.10.0-1160.119.1.0.5.el7.x86_64/kernel/fs" - "/lib/modules/4.14.35-1902.3.2.el7uek.x86_64/kernel/fs" - "/lib/modules/4.14.35-2047.543.3.1.el7uek.x86_64/kernel/fs" - Audit Result: ** PASS ** - module: "squashfs" is deny listed in: "/etc/modprobe.d/squashfs.conf" - module: "squashfs" is not loadable: "install /bin/false " - module: "squashfs" is not loaded | J7: cmd: multiple line script dont_echo_cmd: NO expect: (?i)^[\s]*\**[\s]*pass:?[\s]*\**$ | K7: The squashfs filesystem type is a compressed read-only Linux filesystem embedded in small footprint systems. A squashfs image can be used without having to first decompress the image. Removing support for unneeded filesystem types reduces the local attack surface of the system. If this filesystem type is not needed, disable it. | L7: Run the following script to disable the squashfs module: -IF- the module is available in the running kernel: - Create a file ending inconf with install squashfs /bin/false in the /etc/modprobe.d/ directory - Create a file ending inconf with blacklist squashfs in the /etc/modprobe.d/ directory - Unload squashfs from the kernel -IF- available in ANY installed kernel: - Create a file ending inconf with blacklist squashfs in the /etc/modprobe.d/ directory -IF- the kernel module is not available on the system or pre-compiled into the kernel: - No remediation is necessary #!/usr/bin/env bash { l_mname="squashfs" # set module name l_mtype="fs" # set module type l_mpath="/lib/modules/**/kernel/$l_mtype" l_mpname="$(tr '-' '_' <<< "$l_mname")" l_mndir="$(tr '-' '/' <<< "$l_mname")" module_loadable_fix() { # If the module is currently loadable, add "install {MODULE_NAME} /bin/false" to a file in "/etc/modprobe.d" l_loadable="$(modprobe -n -v "$l_mname")" [ "$(wc -l <<< "$l_loadable")" -gt "1" ] && l_loadable="$(grep -P -- "(^h*install|b$l_mname)b" <<< "$l_loadable")" if ! grep -Pq -- '^h*install /bin/(true|false)' <<< "$l_loadable"; then echo -e " - setting module: \"$l_mname\" to be not loadable" echo -e "install $l_mname /bin/false" >> /etc/modprobe.d/"$l_mpname".conf fi } module_loaded_fix() { # If the module is currently loaded, unload the module if lsmod | grep "$l_mname" > /dev/null 2>&1; then echo -e " - unloading module \"$l_mname\"" modprobe -r "$l_mname" fi } module_deny_fix() { # If the module isn't deny listed, denylist the module if ! modprobe --showconfig | grep -Pq -- "^h*blacklisth+$l_mpnameb"; then echo -e " - deny listing \"$l_mname\"" echo -e "blacklist $l_mname" >> /etc/modprobe.d/"$l_mpname".conf fi } # Check if the module exists on the system for l_mdir in $l_mpath; do if [ -d "$l_mdir/$l_mndir" ] && [ -n "$(ls -A $l_mdir/$l_mndir)" ]; then echo -e " - module: \"$l_mname\" exists in \"$l_mdir\" - checking if disabled..." module_deny_fix if [ "$l_mdir" = "/lib/modules/$(uname -r)/kernel/$l_mtype" ]; then module_loadable_fix module_loaded_fix fi else echo -e " - module: \"$l_mname\" doesn't exist in \"$l_mdir\" " fi done echo -e " - remediation of module: \"$l_mname\" complete " } Impact: As Snap packages utilizes squashfs as a compressed filesystem, disabling squashfs will cause Snap packages to fail. Snap application packages of software are self-contained and work across a range of Linux distributions. This is unlike traditional Linux package management approaches, like APT or RPM, which require specifically adapted packages per Linux distribution on an application update and delay therefore application deployment from developers to their software's end-user. Snaps themselves have no dependency on any external store ("App store"), can be obtained from any source and can be therefore used for upstream software deployment. | M7: https://workbench.cisecurity.org/benchmarks/15965 | N7: 800-171|3.4.2, 800-171|3.4.6, 800-171|3.4.7, 800-53|CM-6, 800-53|CM-7, 800-53r5|CM-6, 800-53r5|CM-7, CSCv7|9.2, CSCv8|4.8, CSF|PR.IP-1, CSF|PR.PT-3, CSF2.0|DE.CM-09, CSF2.0|PR.PS-01, GDPR|32.1.b, HIPAA|164.306(a)(1), ITSG-33|CM-6, ITSG-33|CM-7, LEVEL|2A, NIAv2|SS15a, PCI-DSSv3.2.1|2.2.2, SWIFT-CSCv1|2.3
A8: oracle_post.nessus | B8: 192.168.0.75 | C8: RB-NT-201.redbelt.com.br | D8: 21157 | E8: 0 | F8: CIS_Oracle_Linux_7_v4.0.0_L2_Server.audit | G8: 1.1.1.7 Ensure udf kernel module is not available | H8: PASSED | I8: The command script with multiple lines returned : -- INFO -- - module: "udf" exists in: - "/lib/modules/3.10.0-1062.el7.x86_64/kernel/fs" - "/lib/modules/3.10.0-1160.119.1.0.5.el7.x86_64/kernel/fs" - "/lib/modules/4.14.35-1902.3.2.el7uek.x86_64/kernel/fs" - "/lib/modules/4.14.35-2047.543.3.1.el7uek.x86_64/kernel/fs" - Audit Result: ** PASS ** - module: "udf" is deny listed in: "/etc/modprobe.d/udf.conf" - module: "udf" is not loadable: "install /bin/false " - module: "udf" is not loaded | J8: cmd: multiple line script dont_echo_cmd: NO expect: (?i)^[\s]*\**[\s]*pass:?[\s]*\**$ | K8: The udf filesystem type is the universal disk format used to implement ISO/IEC 13346 and ECMA-167 specifications. This is an open vendor filesystem type for data storage on a broad range of media. This filesystem type is necessary to support writing DVDs and newer optical disc formats. Removing support for unneeded filesystem types reduces the local attack surface of the system. If this filesystem type is not needed, disable it. | L8: Run the following script to disable the udf module: -IF- the module is available in the running kernel: - Create a file ending inconf with install udf /bin/false in the /etc/modprobe.d/ directory - Create a file ending inconf with blacklist udf in the /etc/modprobe.d/ directory - Unload udf from the kernel -IF- available in ANY installed kernel: - Create a file ending inconf with blacklist udf in the /etc/modprobe.d/ directory -IF- the kernel module is not available on the system or pre-compiled into the kernel: - No remediation is necessary #!/usr/bin/env bash { l_mname="udf" # set module name l_mtype="fs" # set module type l_mpath="/lib/modules/**/kernel/$l_mtype" l_mpname="$(tr '-' '_' <<< "$l_mname")" l_mndir="$(tr '-' '/' <<< "$l_mname")" module_loadable_fix() { # If the module is currently loadable, add "install {MODULE_NAME} /bin/false" to a file in "/etc/modprobe.d" l_loadable="$(modprobe -n -v "$l_mname")" [ "$(wc -l <<< "$l_loadable")" -gt "1" ] && l_loadable="$(grep -P -- "(^h*install|b$l_mname)b" <<< "$l_loadable")" if ! grep -Pq -- '^h*install /bin/(true|false)' <<< "$l_loadable"; then echo -e " - setting module: \"$l_mname\" to be not loadable" echo -e "install $l_mname /bin/false" >> /etc/modprobe.d/"$l_mpname".conf fi } module_loaded_fix() { # If the module is currently loaded, unload the module if lsmod | grep "$l_mname" > /dev/null 2>&1; then echo -e " - unloading module \"$l_mname\"" modprobe -r "$l_mname" fi } module_deny_fix() { # If the module isn't deny listed, denylist the module if ! modprobe --showconfig | grep -Pq -- "^h*blacklisth+$l_mpnameb"; then echo -e " - deny listing \"$l_mname\"" echo -e "blacklist $l_mname" >> /etc/modprobe.d/"$l_mpname".conf fi } # Check if the module exists on the system for l_mdir in $l_mpath; do if [ -d "$l_mdir/$l_mndir" ] && [ -n "$(ls -A $l_mdir/$l_mndir)" ]; then echo -e " - module: \"$l_mname\" exists in \"$l_mdir\" - checking if disabled..." module_deny_fix if [ "$l_mdir" = "/lib/modules/$(uname -r)/kernel/$l_mtype" ]; then module_loadable_fix module_loaded_fix fi else echo -e " - module: \"$l_mname\" doesn't exist in \"$l_mdir\" " fi done echo -e " - remediation of module: \"$l_mname\" complete " } Impact: Microsoft Azure requires the usage of udf udf should not be disabled on systems run on Microsoft Azure. | M8: https://workbench.cisecurity.org/benchmarks/15965 | N8: 800-171|3.4.2, 800-171|3.4.6, 800-171|3.4.7, 800-53|CM-6, 800-53|CM-7, 800-53r5|CM-6, 800-53r5|CM-7, CSCv7|9.2, CSCv8|4.8, CSF|PR.IP-1, CSF|PR.PT-3, CSF2.0|DE.CM-09, CSF2.0|PR.PS-01, GDPR|32.1.b, HIPAA|164.306(a)(1), ITSG-33|CM-6, ITSG-33|CM-7, LEVEL|2A, NIAv2|SS15a, PCI-DSSv3.2.1|2.2.2, SWIFT-CSCv1|2.3
A9: oracle_post.nessus | B9: 192.168.0.75 | C9: RB-NT-201.redbelt.com.br | D9: 21157 | E9: 0 | F9: CIS_Oracle_Linux_7_v4.0.0_L1_Server.audit | G9: 1.1.1.8 Ensure usb-storage kernel module is not available | H9: PASSED | I9: The command script with multiple lines returned : -- INFO -- - module: "usb-storage" exists in: - "/lib/modules/3.10.0-1062.el7.x86_64/kernel/drivers" - "/lib/modules/3.10.0-1160.119.1.0.5.el7.x86_64/kernel/drivers" - "/lib/modules/4.14.35-1902.3.2.el7uek.x86_64/kernel/drivers" - "/lib/modules/4.14.35-2047.543.3.1.el7uek.x86_64/kernel/drivers" - Audit Result: ** PASS ** - module: "usb-storage" is deny listed in: "/etc/modprobe.d/usb_storage.conf" - module: "usb-storage" is not loadable: "install /bin/false " - module: "usb-storage" is not loaded | J9: cmd: multiple line script dont_echo_cmd: NO expect: (?i)^[\s]*\**[\s]*pass:?[\s]*\**$ | K9: USB storage provides a means to transfer and store files ensuring persistence and availability of the files independent of network connection status. Its popularity and utility has led to USB-based malware being a simple and common means for network infiltration and a first step to establishing a persistent threat within a networked environment. Restricting USB access on the system will decrease the physical attack surface for a device and diminish the possible vectors to introduce malware. | L9: Run the following script to disable the usb-storage module: -IF- the module is available in the running kernel: - Create a file ending inconf with install usb-storage /bin/false in the /etc/modprobe.d/ directory - Create a file ending inconf with blacklist usb-storage in the /etc/modprobe.d/ directory - Unload usb-storage from the kernel -IF- available in ANY installed kernel: - Create a file ending inconf with blacklist usb-storage in the /etc/modprobe.d/ directory -IF- the kernel module is not available on the system or pre-compiled into the kernel: - No remediation is necessary #!/usr/bin/env bash { l_mname="usb-storage" # set module name l_mtype="drivers" # set module type l_mpath="/lib/modules/**/kernel/$l_mtype" l_mpname="$(tr '-' '_' <<< "$l_mname")" l_mndir="$(tr '-' '/' <<< "$l_mname")" module_loadable_fix() { # If the module is currently loadable, add "install {MODULE_NAME} /bin/false" to a file in "/etc/modprobe.d" l_loadable="$(modprobe -n -v "$l_mname")" [ "$(wc -l <<< "$l_loadable")" -gt "1" ] && l_loadable="$(grep -P -- "(^h*install|b$l_mname)b" <<< "$l_loadable")" if ! grep -Pq -- '^h*install /bin/(true|false)' <<< "$l_loadable"; then echo -e " - setting module: \"$l_mname\" to be not loadable" echo -e "install $l_mname /bin/false" >> /etc/modprobe.d/"$l_mpname".conf fi } module_loaded_fix() { # If the module is currently loaded, unload the module if lsmod | grep "$l_mname" > /dev/null 2>&1; then echo -e " - unloading module \"$l_mname\"" modprobe -r "$l_mname" fi } module_deny_fix() { # If the module isn't deny listed, denylist the module if ! modprobe --showconfig | grep -Pq -- "^h*blacklisth+$l_mpnameb"; then echo -e " - deny listing \"$l_mname\"" echo -e "blacklist $l_mname" >> /etc/modprobe.d/"$l_mpname".conf fi } # Check if the module exists on the system for l_mdir in $l_mpath; do if [ -d "$l_mdir/$l_mndir" ] && [ -n "$(ls -A $l_mdir/$l_mndir)" ]; then echo -e " - module: \"$l_mname\" exists in \"$l_mdir\" - checking if disabled..." module_deny_fix if [ "$l_mdir" = "/lib/modules/$(uname -r)/kernel/$l_mtype" ]; then module_loadable_fix module_loaded_fix fi else echo -e " - module: \"$l_mname\" doesn't exist in \"$l_mdir\" " fi done echo -e " - remediation of module: \"$l_mname\" complete " } Impact: Disabling the usb-storage module will disable any usage of USB storage devices. If requirements and local site policy allow the use of such devices, other solutions should be configured accordingly instead. One example of a commonly used solution is USBGuard | M9: https://workbench.cisecurity.org/benchmarks/15965 | N9: 800-171|3.8.7, 800-171r3|03.08.07, 800-53|MP-7, 800-53r5|MP-7, CN-L3|8.5.4.1(c), CSCv7|13.7, CSCv8|10.3, CSF|PR.PT-2, GDPR|32.1.b, HIPAA|164.306(a)(1), HIPAA|164.312(a)(1), ISO-27001-2022|A.5.10, ISO-27001-2022|A.7.10, ISO/IEC-27001|A.8.3.1, ISO/IEC-27001|A.8.3.3, LEVEL|1A, NESA|T1.4.1
A10: oracle_post.nessus | B10: 192.168.0.75 | C10: RB-NT-201.redbelt.com.br | D10: 21157 | E10: 0 | F10: CIS_Oracle_Linux_7_v4.0.0_L1_Server.audit | G10: 1.1.2.1.1 Ensure /tmp is a separate partition | H10: PASSED | I10: The command '/bin/findmnt -nk /tmp' returned : /tmp tmpfs tmpfs rw,nosuid,nodev,noexec,relatime,seclabel | J10: cmd: /bin/findmnt -nk /tmp expect: ^[\s]*/tmp[\s]+ | K10: The /tmp directory is a world-writable directory used for temporary storage by all users and some applications. -IF- an entry for /tmp exists in /etc/fstab it will take precedence over entries in systemd default unit file. Note: In an environment where the main system is diskless and connected to iSCSI, entries in /etc/fstab may not take precedence. /tmp can be configured to use tmpfs tmpfs puts everything into the kernel internal caches and grows and shrinks to accommodate the files it contains and is able to swap unneeded pages out to swap space. It has maximum size limits which can be adjusted on the fly via mount -o remount Since tmpfs lives completely in the page cache and on swap, all tmpfs pages will be shown as "Shmem" in /proc/meminfo and "Shared" in free Notice that these counters also include shared memory. The most reliable way to get the count is using df and du tmpfs has three mount options for sizing: - size : The limit of allocated bytes for this tmpfs instance. The default is half of your physical RAM without swap. If you oversize your tmpfs instances the machine will deadlock since the OOM handler will not be able to free that memory. - nr_blocks : The same as size, but in blocks of PAGE_SIZE. - nr_inodes : The maximum number of inodes for this instance. The default is half of the number of your physical RAM pages, or (on a machine with highmem) the number of lowmem RAM pages, whichever is the lower. These parameters accept a suffix k, m or g and can be changed on remount. The size parameter also accepts a suffix %to limit this tmpfs instance to that percentage of your physical RAM. The default, when neither size nor nr_blocks is specified, is size=50% Making /tmp its own file system allows an administrator to set additional mount options such as the noexec option on the mount, making /tmp useless for an attacker to install executable code. It would also prevent an attacker from establishing a hard link to a system setuid program and wait for it to be updated. Once the program was updated, the hard link would be broken, and the attacker would have his own copy of the program. If the program happened to have a security vulnerability, the attacker could continue to exploit the known flaw. This can be accomplished by either mounting tmpfs to /tmp or creating a separate partition for /tmp | L10: Create or update an entry for /tmp in /etc/fstab : _ Example:_ tmpfs /tmp tmpfs defaults,rw,nosuid,nodev,noexec,relatime 0 0 Run the following command to remount /tmp # mount -o remount,noexec,nodev,nosuid /tmp - OR - if /tmp is not already mounted, run the following command to mount /tmp : # mount /tmp Impact: By design files saved to /tmp should have no expectation of surviving a reboot of the system. tmpfs is ram based and all files stored to tmpfs will be lost when the system is rebooted. If files need to be persistent through a reboot, they should be saved to /var/tmp not /tmp Since the /tmp directory is intended to be world-writable, there is a risk of resource exhaustion if it is not bound to tmpfs or a separate partition. Running out of /tmp space is a problem regardless of what kind of filesystem lies under it, but in a configuration where /tmp is not a separate file system it will essentially have the whole disk available, as the default installation only creates a single / partition. On the other hand, a RAM-based /tmp (as with tmpfs ) will almost certainly be much smaller, which can lead to applications filling up the filesystem much more easily. Another alternative is to create a dedicated partition for /tmp from a separate volume or disk. One of the downsides of a disk-based dedicated partition is that it will be slower than tmpfs which is RAM-based. | M10: https://workbench.cisecurity.org/benchmarks/15965 | N10: 800-171|3.4.2, 800-171|3.4.6, 800-171|3.4.7, 800-171r3|03.04.02, 800-171r3|03.04.06, 800-53|CM-6, 800-53|CM-7, 800-53r5|CM-6, 800-53r5|CM-7, CSCv7|9.2, CSCv8|4.8, CSF|PR.IP-1, CSF|PR.PT-3, CSF2.0|DE.CM-09, CSF2.0|PR.PS-01, GDPR|32.1.b, HIPAA|164.306(a)(1), ISO-27001-2022|A.8.9, ITSG-33|CM-6, ITSG-33|CM-7, LEVEL|1A, NIAv2|SS15a, PCI-DSSv3.2.1|2.2.2, SWIFT-CSCv1|2.3
A11: oracle_post.nessus | B11: 192.168.0.75 | C11: RB-NT-201.redbelt.com.br | D11: 21157 | E11: 0 | F11: CIS_Oracle_Linux_7_v4.0.0_L1_Server.audit | G11: 1.1.2.1.2 Ensure nodev option set on /tmp partition | H11: PASSED | I11: Compliant file(s): /proc/self/mountinfo - regex '[\s]+/tmp[\s]+' found - expect 'nodev' found in the following lines: 30: 51 43 0:43 / /tmp rw,nosuid,nodev,noexec,relatime shared:30 - tmpfs tmpfs rw,seclabel | J11: expect: nodev file: /proc/self/mountinfo regex: [\s]+/tmp[\s]+ required: NO | K11: The nodev mount option specifies that the filesystem cannot contain special devices. Since the /tmp filesystem is not intended to support devices, set this option to ensure that users cannot create a block or character special devices in /tmp | L11: - IF - a separate partition exists for /tmp Edit the /etc/fstab file and add nodev to the fourth field (mounting options) for the /tmp partition. Example: <device> /tmp <fstype> defaults,rw,nosuid,nodev,noexec,relatime 0 0 Run the following command to remount /tmp with the configured options: # mount -o remount /tmp | M11: https://workbench.cisecurity.org/benchmarks/15965 | N11: 800-171|3.4.2, 800-171|3.4.6, 800-171|3.4.7, 800-171r3|03.04.02, 800-171r3|03.04.06, 800-53|CM-6, 800-53|CM-7, 800-53r5|CM-6, 800-53r5|CM-7, CSCv7|9.2, CSCv8|4.8, CSF|PR.IP-1, CSF|PR.PT-3, CSF2.0|DE.CM-09, CSF2.0|PR.PS-01, GDPR|32.1.b, HIPAA|164.306(a)(1), ISO-27001-2022|A.8.9, ITSG-33|CM-6, ITSG-33|CM-7, LEVEL|1A, NIAv2|SS15a, PCI-DSSv3.2.1|2.2.2, SWIFT-CSCv1|2.3
A12: oracle_post.nessus | B12: 192.168.0.75 | C12: RB-NT-201.redbelt.com.br | D12: 21157 | E12: 0 | F12: CIS_Oracle_Linux_7_v4.0.0_L1_Server.audit | G12: 1.1.2.1.3 Ensure nosuid option set on /tmp partition | H12: PASSED | I12: Compliant file(s): /proc/self/mountinfo - regex '[\s]+/tmp[\s]+' found - expect 'nosuid' found in the following lines: 30: 51 43 0:43 / /tmp rw,nosuid,nodev,noexec,relatime shared:30 - tmpfs tmpfs rw,seclabel | J12: expect: nosuid file: /proc/self/mountinfo regex: [\s]+/tmp[\s]+ required: NO | K12: The nosuid mount option specifies that the filesystem cannot contain setuid files. Since the /tmp filesystem is only intended for temporary file storage, set this option to ensure that users cannot create setuid files in /tmp | L12: - IF - a separate partition exists for /tmp Edit the /etc/fstab file and add nosuid to the fourth field (mounting options) for the /tmp partition. Example: <device> /tmp <fstype> defaults,rw,nosuid,nodev,noexec,relatime 0 0 Run the following command to remount /tmp with the configured options: # mount -o remount /tmp | M12: https://workbench.cisecurity.org/benchmarks/15965 | N12: 800-171|3.1.1, 800-171|3.1.4, 800-171|3.1.5, 800-171|3.8.1, 800-171|3.8.2, 800-171|3.8.3, 800-171r3|03.01.02, 800-171r3|03.01.04, 800-171r3|03.01.05a., 800-171r3|03.08.02, 800-53|AC-3, 800-53|AC-5, 800-53|AC-6, 800-53|MP-2, 800-53r5|AC-3, 800-53r5|AC-5, 800-53r5|AC-6, 800-53r5|MP-2, CN-L3|7.1.3.2(b), CN-L3|7.1.3.2(g), CN-L3|8.1.4.2(d), CN-L3|8.1.4.2(f), CN-L3|8.1.4.11(b), CN-L3|8.1.10.2(c), CN-L3|8.1.10.6(a), CN-L3|8.5.3.1, CN-L3|8.5.4.1(a), CSCv7|14.6, CSCv8|3.3, CSF|PR.AC-4, CSF|PR.DS-5, CSF|PR.PT-2, CSF|PR.PT-3, CSF2.0|PR.AA-05, CSF2.0|PR.DS-10, CSF2.0|PR.IR-01, GDPR|32.1.b, HIPAA|164.306(a)(1), HIPAA|164.312(a)(1), ISO-27001-2022|A.5.3, ISO-27001-2022|A.5.10, ISO-27001-2022|A.5.15, ISO-27001-2022|A.5.33, ISO-27001-2022|A.7.7, ISO-27001-2022|A.7.10, ISO-27001-2022|A.8.2, ISO-27001-2022|A.8.3, ISO-27001-2022|A.8.18, ISO-27001-2022|A.8.20, ISO/IEC-27001|A.6.1.2, ISO/IEC-27001|A.9.4.1, ISO/IEC-27001|A.9.4.5, ITSG-33|AC-3, ITSG-33|AC-5, ITSG-33|AC-6, ITSG-33|MP-2, ITSG-33|MP-2a., LEVEL|1A, NESA|T1.3.2, NESA|T1.3.3, NESA|T1.4.1, NESA|T4.2.1, NESA|T5.1.1, NESA|T5.2.2, NESA|T5.4.1, NESA|T5.4.4, NESA|T5.4.5, NESA|T5.5.4, NESA|T5.6.1, NESA|T7.5.2, NESA|T7.5.3, NIAv2|AM1, NIAv2|AM3, NIAv2|AM23f, NIAv2|SS13c, NIAv2|SS15c, NIAv2|SS29, PCI-DSSv3.2.1|7.1.2, PCI-DSSv4.0|7.2.1, PCI-DSSv4.0|7.2.2, QCSC-v1|3.2, QCSC-v1|5.2.2, QCSC-v1|6.2, QCSC-v1|13.2, SWIFT-CSCv1|5.1, TBA-FIISB|31.1, TBA-FIISB|31.4.2, TBA-FIISB|31.4.3
A13: oracle_post.nessus | B13: 192.168.0.75 | C13: RB-NT-201.redbelt.com.br | D13: 21157 | E13: 0 | F13: CIS_Oracle_Linux_7_v4.0.0_L1_Server.audit | G13: 1.1.2.1.4 Ensure noexec option set on /tmp partition | H13: PASSED | I13: Compliant file(s): /proc/self/mountinfo - regex '[\s]+/tmp[\s]+' found - expect 'noexec' found in the following lines: 30: 51 43 0:43 / /tmp rw,nosuid,nodev,noexec,relatime shared:30 - tmpfs tmpfs rw,seclabel | J13: expect: noexec file: /proc/self/mountinfo regex: [\s]+/tmp[\s]+ required: NO | K13: The noexec mount option specifies that the filesystem cannot contain executable binaries. Since the /tmp filesystem is only intended for temporary file storage, set this option to ensure that users cannot run executable binaries from /tmp | L13: - IF - a separate partition exists for /tmp Edit the /etc/fstab file and add noexec to the fourth field (mounting options) for the /tmp partition. Example: <device> /tmp <fstype> defaults,rw,nosuid,nodev,noexec,relatime 0 0 Run the following command to remount /tmp with the configured options: # mount -o remount /tmp Impact: Setting the noexec option on /tmp may prevent installation and/or updating of some 3rd party software. | M13: https://workbench.cisecurity.org/benchmarks/15965 | N13: 800-171|3.1.1, 800-171|3.1.4, 800-171|3.1.5, 800-171|3.8.1, 800-171|3.8.2, 800-171|3.8.3, 800-171r3|03.01.02, 800-171r3|03.01.04, 800-171r3|03.01.05a., 800-171r3|03.08.02, 800-53|AC-3, 800-53|AC-5, 800-53|AC-6, 800-53|MP-2, 800-53r5|AC-3, 800-53r5|AC-5, 800-53r5|AC-6, 800-53r5|MP-2, CN-L3|7.1.3.2(b), CN-L3|7.1.3.2(g), CN-L3|8.1.4.2(d), CN-L3|8.1.4.2(f), CN-L3|8.1.4.11(b), CN-L3|8.1.10.2(c), CN-L3|8.1.10.6(a), CN-L3|8.5.3.1, CN-L3|8.5.4.1(a), CSCv7|14.6, CSCv8|3.3, CSF|PR.AC-4, CSF|PR.DS-5, CSF|PR.PT-2, CSF|PR.PT-3, CSF2.0|PR.AA-05, CSF2.0|PR.DS-10, CSF2.0|PR.IR-01, GDPR|32.1.b, HIPAA|164.306(a)(1), HIPAA|164.312(a)(1), ISO-27001-2022|A.5.3, ISO-27001-2022|A.5.10, ISO-27001-2022|A.5.15, ISO-27001-2022|A.5.33, ISO-27001-2022|A.7.7, ISO-27001-2022|A.7.10, ISO-27001-2022|A.8.2, ISO-27001-2022|A.8.3, ISO-27001-2022|A.8.18, ISO-27001-2022|A.8.20, ISO/IEC-27001|A.6.1.2, ISO/IEC-27001|A.9.4.1, ISO/IEC-27001|A.9.4.5, ITSG-33|AC-3, ITSG-33|AC-5, ITSG-33|AC-6, ITSG-33|MP-2, ITSG-33|MP-2a., LEVEL|1A, NESA|T1.3.2, NESA|T1.3.3, NESA|T1.4.1, NESA|T4.2.1, NESA|T5.1.1, NESA|T5.2.2, NESA|T5.4.1, NESA|T5.4.4, NESA|T5.4.5, NESA|T5.5.4, NESA|T5.6.1, NESA|T7.5.2, NESA|T7.5.3, NIAv2|AM1, NIAv2|AM3, NIAv2|AM23f, NIAv2|SS13c, NIAv2|SS15c, NIAv2|SS29, PCI-DSSv3.2.1|7.1.2, PCI-DSSv4.0|7.2.1, PCI-DSSv4.0|7.2.2, QCSC-v1|3.2, QCSC-v1|5.2.2, QCSC-v1|6.2, QCSC-v1|13.2, SWIFT-CSCv1|5.1, TBA-FIISB|31.1, TBA-FIISB|31.4.2, TBA-FIISB|31.4.3
... A62: oracle_post.nessus | B62: 192.168.0.75 | C62: RB-NT-201.redbelt.com.br | D62: 21157 | E62: 0 | F62: CIS_Oracle_Linux_7_v4.0.0_L2_Server.audit | G62: 1.7.1 Ensure GNOME Display Manager is removed | H62: PASSED | I62: The package 'gdm-0.0.0-0' is not installed | J62: operator: lte rpm: gdm-0.0.0-0 | K62: The GNOME Display Manager (GDM) is a program that manages graphical display servers and handles graphical user logins. If a Graphical User Interface (GUI) is not required, it should be removed to reduce the attack surface of the system. | L62: Run the following command to remove the gdm package # yum remove gdm Impact: Removing the GNOME Display manager will remove the Graphical User Interface (GUI) from the system. | M62: https://workbench.cisecurity.org/benchmarks/15965 | N62: 800-171|3.4.2, 800-171|3.4.6, 800-171|3.4.7, 800-53|CM-6, 800-53|CM-7, 800-53r5|CM-6, 800-53r5|CM-7, CSCv7|9.2, CSCv8|4.8, CSF|PR.IP-1, CSF|PR.PT-3, CSF2.0|DE.CM-09, CSF2.0|PR.PS-01, GDPR|32.1.b, HIPAA|164.306(a)(1), ITSG-33|CM-6, ITSG-33|CM-7, LEVEL|2A, NIAv2|SS15a, PCI-DSSv3.2.1|2.2.2, SWIFT-CSCv1|2.3
A63: oracle_post.nessus | B63: 192.168.0.75 | C63: RB-NT-201.redbelt.com.br | D63: 21157 | E63: 0 | F63: CIS_Oracle_Linux_7_v4.0.0_L1_Server.audit | G63: 1.7.10 Ensure XDMCP is not enabled | H63: PASSED | J63: PASSED | K63: X Display Manager Control Protocol (XDMCP) is designed to provide authenticated access to display management services for remote displays XDMCP is inherently insecure. - XDMCP is not a ciphered protocol. This may allow an attacker to capture keystrokes entered by a user - XDMCP is vulnerable to man-in-the-middle attacks. This may allow an attacker to steal the credentials of legitimate users by impersonating the XDMCP server. | L63: Edit the file /etc/gdm/custom.conf and remove the line: Enable=true | M63: https://workbench.cisecurity.org/benchmarks/15965 | N63: 800-171|3.4.2, 800-171|3.4.6, 800-171|3.4.7, 800-171r3|03.04.02, 800-171r3|03.04.06, 800-53|CM-6, 800-53|CM-7, 800-53r5|CM-6, 800-53r5|CM-7, CSCv7|9.2, CSCv8|4.8, CSF|PR.IP-1, CSF|PR.PT-3, CSF2.0|DE.CM-09, CSF2.0|PR.PS-01, GDPR|32.1.b, HIPAA|164.306(a)(1), ISO-27001-2022|A.8.9, ITSG-33|CM-6, ITSG-33|CM-7, LEVEL|1A, NIAv2|SS15a, PCI-DSSv3.2.1|2.2.2, SWIFT-CSCv1|2.3
A64: oracle_post.nessus | B64: 192.168.0.75 | C64: RB-NT-201.redbelt.com.br | D64: 21157 | E64: 0 | F64: CIS_Oracle_Linux_7_v4.0.0_L1_Server.audit | G64: 1.7.2 Ensure GDM login banner is configured | H64: PASSED | I64: The command script with multiple lines returned : - GNOME Desktop Manager isn't installed - Recommendation is Not Applicable - Audit result: *** PASS *** - Audit Result: ** PASS ** | J64: cmd: multiple line script dont_echo_cmd: NO expect: PASS | K64: GDM is the GNOME Display Manager which handles graphical login for GNOME based systems. Warning messages inform users who are attempting to login to the system of their legal status regarding the system and must include the name of the organization that owns the system and any monitoring policies that are in place. | L64: Run the following script to verify that the banner message is enabled and set: #!/usr/bin/env bash { l_pkgoutput="" if command -v dpkg-query > /dev/null 2>&1; then l_pq="dpkg-query -W" elif command -v rpm > /dev/null 2>&1; then l_pq="rpm -q" fi l_pcl="gdm gdm3" # Space seporated list of packages to check for l_pn in $l_pcl; do $l_pq "$l_pn" > /dev/null 2>&1 && l_pkgoutput="$l_pkgoutput - Package: \"$l_pn\" exists on the system - checking configuration" done if [ -n "$l_pkgoutput" ]; then l_gdmprofile="gdm" # Set this to desired profile name IaW Local site policy l_bmessage="'Authorized uses only. All activity may be monitored and reported'" # Set to desired banner message if [ ! -f "/etc/dconf/profile/$l_gdmprofile" ]; then echo "Creating profile \"$l_gdmprofile\"" echo -e "user-db:user system-db:$l_gdmprofile file-db:/usr/share/$l_gdmprofile/greeter-dconf-defaults" > /etc/dconf/profile/$l_gdmprofile fi if [ ! -d "/etc/dconf/db/$l_gdmprofile.d/" ]; then echo "Creating dconf database directory \"/etc/dconf/db/$l_gdmprofile.d/\"" mkdir /etc/dconf/db/$l_gdmprofile.d/ fi if ! grep -Piq '^h*banner-message-enableh*=h*trueb' /etc/dconf/db/$l_gdmprofile.d/*; then echo "creating gdm keyfile for machine-wide settings" if ! grep -Piq -- '^h*banner-message-enableh*=h*' /etc/dconf/db/$l_gdmprofile.d/*; then l_kfile="/etc/dconf/db/$l_gdmprofile.d/01-banner-message" echo -e " [org/gnome/login-screen] banner-message-enable=true" >> "$l_kfile" else l_kfile="$(grep -Pil -- '^h*banner-message-enableh*=h*' /etc/dconf/db/$l_gdmprofile.d/*)" ! grep -Pq '^h*[org/gnome/login-screen]' "$l_kfile" && sed -ri '/^s*banner-message-enable/ i[org/gnome/login-screen]' "$l_kfile" ! grep -Pq '^h*banner-message-enableh*=h*trueb' "$l_kfile" && sed -ri 's/^s*(banner-message-enables*=s*)(S+)(s*.*$)/1true 3//' "$l_kfile" # sed -ri '/^s*[org/gnome/login-screen]/ a\nbanner-message-enable=true' "$l_kfile" fi fi if ! grep -Piq "^h*banner-message-text=['\"]+S+" "$l_kfile"; then sed -ri "/^s*banner-message-enable/ abanner-message-text=$l_bmessage" "$l_kfile" fi dconf update else echo -e " - GNOME Desktop Manager isn't installed - Recommendation is Not Applicable - No remediation required " fi } Note: - There is no character limit for the banner message. gnome-shell autodetects longer stretches of text and enters two column mode. - The banner message cannot be read from an external file. OR Run the following command to remove the gdm package: # yum remove gdm | M64: https://workbench.cisecurity.org/benchmarks/15965 | N64: 800-171|3.1.9, 800-171r3|03.01.09, 800-53|AC-8, 800-53r5|AC-8, GDPR|32.1.b, HIPAA|164.306(a)(1), ISO-27001-2022|A.8.5, ITSG-33|AC-8, LEVEL|1A, NESA|M1.3.6, TBA-FIISB|45.2.4
A65: oracle_post.nessus | B65: 192.168.0.75 | C65: RB-NT-201.redbelt.com.br | D65: 21157 | E65: 0 | F65: CIS_Oracle_Linux_7_v4.0.0_L1_Server.audit | G65: 1.7.3 Ensure GDM disable-user-list option is enabled | H65: PASSED | I65: The command script with multiple lines returned : - GNOME Desktop Manager isn't installed - Recommendation is Not Applicable - Audit result: *** PASS *** | J65: cmd: multiple line script dont_echo_cmd: NO expect: (?i)^[\s]*\**[\s]*pass:?[\s]*\**$ | K65: GDM is the GNOME Display Manager which handles graphical login for GNOME based systems. The disable-user-list option controls if a list of users is displayed on the login screen Displaying the user list eliminates half of the Userid/Password equation that an unauthorized person would need to log on. | L65: Run the following script to enable the disable-user-list option: Note: the l_gdm_profile variable in the script can be changed if a different profile name is desired in accordance with local site policy. #!/usr/bin/env bash { l_gdmprofile="gdm" if [ ! -f "/etc/dconf/profile/$l_gdmprofile" ]; then echo "Creating profile \"$l_gdmprofile\"" echo -e "user-db:user system-db:$l_gdmprofile file-db:/usr/share/$l_gdmprofile/greeter-dconf-defaults" > /etc/dconf/profile/$l_gdmprofile fi if [ ! -d "/etc/dconf/db/$l_gdmprofile.d/" ]; then echo "Creating dconf database directory \"/etc/dconf/db/$l_gdmprofile.d/\"" mkdir /etc/dconf/db/$l_gdmprofile.d/ fi if ! grep -Piq '^h*disable-user-listh*=h*trueb' /etc/dconf/db/$l_gdmprofile.d/*; then echo "creating gdm keyfile for machine-wide settings" if ! grep -Piq -- '^h*[org/gnome/login-screen]' /etc/dconf/db/$l_gdmprofile.d/*; then echo -e " [org/gnome/login-screen] # Do not show the user list disable-user-list=true" >> /etc/dconf/db/$l_gdmprofile.d/00-login-screen else sed -ri '/^s*[org/gnome/login-screen]/ a# Do not show the user list disable-user-list=true' $(grep -Pil -- '^h*[org/gnome/login-screen]' /etc/dconf/db/$l_gdmprofile.d/*) fi fi dconf update } Note: When the user profile is created or changed, the user will need to log out and log in again before the changes will be applied. OR Run the following command to remove the GNOME package: # yum remove gdm | M65: https://workbench.cisecurity.org/benchmarks/15965 | N65: 800-171|3.5.11, 800-171r3|03.05.11, 800-53|IA-6, 800-53r5|IA-6, CSF2.0|PR.AA-01, GDPR|32.1.b, HIPAA|164.306(a)(1), HIPAA|164.312(d), ISO-27001-2022|A.8.5, ITSG-33|IA-6, ITSG-33|IA-6a., LEVEL|1A, NESA|T5.5.1, QCSC-v1|13.2
A66: oracle_post.nessus | B66: 192.168.0.75 | C66: RB-NT-201.redbelt.com.br | D66: 21157 | E66: 0 | F66: CIS_Oracle_Linux_7_v4.0.0_L1_Server.audit | G66: 1.7.4 Ensure GDM screen locks when the user is idle | H66: PASSED | I66: The command script with multiple lines returned : - Audit Result: ** PASS ** - GNOME Desktop Manager package is not installed on the system - Recommendation is not applicable | J66: cmd: multiple line script dont_echo_cmd: NO expect: (?i)^[\s]*\**[\s]*pass:?[\s]*\**$ | K66: GNOME Desktop Manager can make the screen lock automatically whenever the user is idle for some amount of time. - idle-delay=uint32 {n} - Number of seconds of inactivity before the screen goes blank - lock-delay=uint32 {n} - Number of seconds after the screen is blank before locking the screen Example key file: # Specify the dconf path [org/gnome/desktop/session] # Number of seconds of inactivity before the screen goes blank # Set to 0 seconds if you want to deactivate the screensaver. idle-delay=uint32 900 # Specify the dconf path [org/gnome/desktop/screensaver] # Number of seconds after the screen is blank before locking the screen lock-delay=uint32 5 Setting a lock-out value reduces the window of opportunity for unauthorized user access to another user's session that has been left unattended. | L66: Create or edit a file in the /etc/dconf/profile/ and verify it includes the following: user-db:user system-db:{NAME_OF_DCONF_DATABASE} Note: local is the name of a dconf database used in the examples. Example: # echo -e ' user-db:user system-db:local' >> /etc/dconf/profile/user Create the directory /etc/dconf/db/{NAME_OF_DCONF_DATABASE}.d/ if it doesn't already exist: Example: # mkdir /etc/dconf/db/local.d Create the key file `/etc/dconf/db/{NAME_OF_DCONF_DATABASE}.d/{FILE_NAME} to provide information for the {NAME_OF_DCONF_DATABASE} database: Example script: #!/usr/bin/env bash { l_key_file="/etc/dconf/db/local.d/00-screensaver" l_idmv="900" # Set max value for idle-delay in seconds (between 1 and 900) l_ldmv="5" # Set max value for lock-delay in seconds (between 0 and 5) { echo '# Specify the dconf path' echo '[org/gnome/desktop/session]' echo '' echo '# Number of seconds of inactivity before the screen goes blank' echo '# Set to 0 seconds if you want to deactivate the screensaver.' echo "idle-delay=uint32 $l_idmv" echo '' echo '# Specify the dconf path' echo '[org/gnome/desktop/screensaver]' echo '' echo '# Number of seconds after the screen is blank before locking the screen' echo "lock-delay=uint32 $l_ldmv" } > "$l_key_file" } Note: You must include the uint32 along with the integer key values as shown. Run the following command to update the system databases: # dconf update Note: Users must log out and back in again before the system-wide settings take effect. | M66: https://workbench.cisecurity.org/benchmarks/15965 | N66: 800-171|3.1.1, 800-171|3.1.10, 800-171|3.1.11, 800-171r3|03.01.01h., 800-171r3|03.01.10, 800-171r3|03.01.11, 800-53|AC-2(5), 800-53|AC-11, 800-53|AC-11(1), 800-53|AC-12, 800-53r5|AC-2(5), 800-53r5|AC-11, 800-53r5|AC-11(1), 800-53r5|AC-12, CN-L3|7.1.2.2(d), CN-L3|7.1.3.2(d), CN-L3|7.1.3.7(b), CN-L3|8.1.4.1(b), CSCv7|16.11, CSCv8|4.3, CSF|PR.AC-1, CSF|PR.AC-4, CSF2.0|DE.CM-01, CSF2.0|DE.CM-03, CSF2.0|PR.AA-01, CSF2.0|PR.AA-03, CSF2.0|PR.AA-05, CSF2.0|PR.DS-10, GDPR|32.1.b, HIPAA|164.306(a)(1), HIPAA|164.312(a)(1), HIPAA|164.312(a)(2)(iii), ISO-27001-2022|A.5.16, ISO-27001-2022|A.5.18, ISO-27001-2022|A.7.7, ISO-27001-2022|A.8.1, ISO-27001-2022|A.8.2, ISO/IEC-27001|A.9.2.1, ISO/IEC-27001|A.11.2.8, ITSG-33|AC-2(5), ITSG-33|AC-11, ITSG-33|AC-11(1), ITSG-33|AC-12, LEVEL|1A, NIAv2|AM23c, NIAv2|AM23d, NIAv2|AM28, NIAv2|NS5j, NIAv2|NS49, NIAv2|SS14e, PCI-DSSv3.2.1|8.1.8, PCI-DSSv4.0|8.2.8, QCSC-v1|5.2.2, QCSC-v1|8.2.1, QCSC-v1|13.2, QCSC-v1|15.2, TBA-FIISB|36.2.1, TBA-FIISB|37.1.4
A67: oracle_post.nessus | B67: 192.168.0.75 | C67: RB-NT-201.redbelt.com.br | D67: 21157 | E67: 0 | F67: CIS_Oracle_Linux_7_v4.0.0_L1_Server.audit | G67: 1.7.5 Ensure GDM screen locks cannot be overridden | H67: PASSED | I67: The command script with multiple lines returned : - Audit Result: ** PASS ** - GNOME Desktop Manager package is not installed on the system - Recommendation is not applicable | J67: cmd: multiple line script dont_echo_cmd: NO expect: (?i)^[\s]*\**[\s]*pass:?[\s]*\**$ | K67: GNOME Desktop Manager can make the screen lock automatically whenever the user is idle for some amount of time. By using the lockdown mode in dconf, you can prevent users from changing specific settings. To lock down a dconf key or subpath, create a locks subdirectory in the keyfile directory. The files inside this directory contain a list of keys or subpaths to lock. Just as with the keyfiles, you may add any number of files to this directory. Example Lock File: # Lock desktop screensaver settings /org/gnome/desktop/session/idle-delay /org/gnome/desktop/screensaver/lock-delay Setting a lock-out value reduces the window of opportunity for unauthorized user access to another user's session that has been left unattended. Without locking down the system settings, user settings take precedence over the system settings. | L67: Run the following script to ensure screen locks cannot be overridden: #!/usr/bin/env bash { # Check if GNMOE Desktop Manager is installed. If package isn't installed, recommendation is Not Applicable # determine system's package manager l_pkgoutput="" if command -v dpkg-query > /dev/null 2>&1; then l_pq="dpkg-query -W" elif command -v rpm > /dev/null 2>&1; then l_pq="rpm -q" fi # Check if GDM is installed l_pcl="gdm gdm3" # Space seporated list of packages to check for l_pn in $l_pcl; do $l_pq "$l_pn" > /dev/null 2>&1 && l_pkgoutput="y" && echo -e " - Package: \"$l_pn\" exists on the system - remediating configuration if needed" done # Check configuration (If applicable) if [ -n "$l_pkgoutput" ]; then # Look for idle-delay to determine profile in use, needed for remaining tests l_kfd="/etc/dconf/db/$(grep -Psril '^h*idle-delayh*=h*uint32h+d+b' /etc/dconf/db/*/ | awk -F'/' '{split($(NF-1),a,".");print a[1]}').d" #set directory of key file to be locked # Look for lock-delay to determine profile in use, needed for remaining tests l_kfd2="/etc/dconf/db/$(grep -Psril '^h*lock-delayh*=h*uint32h+d+b' /etc/dconf/db/*/ | awk -F'/' '{split($(NF-1),a,".");print a[1]}').d" #set directory of key file to be locked if [ -d "$l_kfd" ]; then # If key file directory doesn't exist, options can't be locked if grep -Prilq '^h*/org/gnome/desktop/session/idle-delayb' "$l_kfd"; then echo " - \"idle-delay\" is locked in \"$(grep -Pril '^h*/org/gnome/desktop/session/idle-delayb' "$l_kfd")\"" else echo "creating entry to lock \"idle-delay\"" [ ! -d "$l_kfd"/locks ] && echo "creating directory $l_kfd/locks" && mkdir "$l_kfd"/locks { echo -e ' # Lock desktop screensaver idle-delay setting' echo '/org/gnome/desktop/session/idle-delay' } >> "$l_kfd"/locks/00-screensaver fi else echo -e " - \"idle-delay\" is not set so it can not be locked - Please follow Recommendation \"Ensure GDM screen locks when the user is idle\" and follow this Recommendation again" fi if [ -d "$l_kfd2" ]; then # If key file directory doesn't exist, options can't be locked if grep -Prilq '^h*/org/gnome/desktop/screensaver/lock-delayb' "$l_kfd2"; then echo " - \"lock-delay\" is locked in \"$(grep -Pril '^h*/org/gnome/desktop/screensaver/lock-delayb' "$l_kfd2")\"" else echo "creating entry to lock \"lock-delay\"" [ ! -d "$l_kfd2"/locks ] && echo "creating directory $l_kfd2/locks" && mkdir "$l_kfd2"/locks { echo -e ' # Lock desktop screensaver lock-delay setting' echo '/org/gnome/desktop/screensaver/lock-delay' } >> "$l_kfd2"/locks/00-screensaver fi else echo -e " - \"lock-delay\" is not set so it can not be locked - Please follow Recommendation \"Ensure GDM screen locks when the user is idle\" and follow this Recommendation again" fi else echo -e " - GNOME Desktop Manager package is not installed on the system - Recommendation is not applicable" fi } Run the following command to update the system databases: # dconf update Note: Users must log out and back in again before the system-wide settings take effect. | M67: https://workbench.cisecurity.org/benchmarks/15965 | N67: 800-171|3.1.1, 800-171|3.1.10, 800-171|3.1.11, 800-171r3|03.01.01h., 800-171r3|03.01.10, 800-171r3|03.01.11, 800-53|AC-2(5), 800-53|AC-11, 800-53|AC-11(1), 800-53|AC-12, 800-53r5|AC-2(5), 800-53r5|AC-11, 800-53r5|AC-11(1), 800-53r5|AC-12, CN-L3|7.1.2.2(d), CN-L3|7.1.3.2(d), CN-L3|7.1.3.7(b), CN-L3|8.1.4.1(b), CSCv7|16.11, CSCv8|4.3, CSF|PR.AC-1, CSF|PR.AC-4, CSF2.0|DE.CM-01, CSF2.0|DE.CM-03, CSF2.0|PR.AA-01, CSF2.0|PR.AA-03, CSF2.0|PR.AA-05, CSF2.0|PR.DS-10, GDPR|32.1.b, HIPAA|164.306(a)(1), HIPAA|164.312(a)(1), HIPAA|164.312(a)(2)(iii), ISO-27001-2022|A.5.16, ISO-27001-2022|A.5.18, ISO-27001-2022|A.7.7, ISO-27001-2022|A.8.1, ISO-27001-2022|A.8.2, ISO/IEC-27001|A.9.2.1, ISO/IEC-27001|A.11.2.8, ITSG-33|AC-2(5), ITSG-33|AC-11, ITSG-33|AC-11(1), ITSG-33|AC-12, LEVEL|1A, NIAv2|AM23c, NIAv2|AM23d, NIAv2|AM28, NIAv2|NS5j, NIAv2|NS49, NIAv2|SS14e, PCI-DSSv3.2.1|8.1.8, PCI-DSSv4.0|8.2.8, QCSC-v1|5.2.2, QCSC-v1|8.2.1, QCSC-v1|13.2, QCSC-v1|15.2, TBA-FIISB|36.2.1, TBA-FIISB|37.1.4
A68: oracle_post.nessus | B68: 192.168.0.75 | C68: RB-NT-201.redbelt.com.br | D68: 21157 | E68: 0 | F68: CIS_Oracle_Linux_7_v4.0.0_L1_Server.audit | G68: 1.7.6 Ensure GDM automatic mounting of removable media is disabled | H68: PASSED | I68: The command script with multiple lines returned : - Audit Result: ** PASS ** - GNOME Desktop Manager package is not installed on the system - Recommendation is not applicable | J68: cmd: multiple line script dont_echo_cmd: NO expect: (?i)^[\s]*\**[\s]*pass:?[\s]*\**$ | K68: By default GNOME automatically mounts removable media when inserted as a convenience to the user. With automounting enabled anyone with physical access could attach a USB drive or disc and have its contents available in system even if they lacked permissions to mount it themselves. | L68: Run the following script to disable automatic mounting of media for all GNOME users: #!/usr/bin/env bash { l_pkgoutput="" l_gpname="local" # Set to desired dconf profile name (default is local) # Check if GNOME Desktop Manager is installed. If package isn't installed, recommendation is Not Applicable # determine system's package manager if command -v dpkg-query > /dev/null 2>&1; then l_pq="dpkg-query -W" elif command -v rpm > /dev/null 2>&1; then l_pq="rpm -q" fi # Check if GDM is installed l_pcl="gdm gdm3" # Space seporated list of packages to check for l_pn in $l_pcl; do $l_pq "$l_pn" > /dev/null 2>&1 && l_pkgoutput="$l_pkgoutput - Package: \"$l_pn\" exists on the system - checking configuration" done # Check configuration (If applicable) if [ -n "$l_pkgoutput" ]; then echo -e "$l_pkgoutput" # Look for existing settings and set variables if they exist l_kfile="$(grep -Prils -- '^h*automountb' /etc/dconf/db/*.d)" l_kfile2="$(grep -Prils -- '^h*automount-openb' /etc/dconf/db/*.d)" # Set profile name based on dconf db directory ({PROFILE_NAME}.d) if [ -f "$l_kfile" ]; then l_gpname="$(awk -F/ '{split($(NF-1),a,".");print a[1]}' <<< "$l_kfile")" echo " - updating dconf profile name to \"$l_gpname\"" elif [ -f "$l_kfile2" ]; then l_gpname="$(awk -F/ '{split($(NF-1),a,".");print a[1]}' <<< "$l_kfile2")" echo " - updating dconf profile name to \"$l_gpname\"" fi # check for consistency (Clean up configuration if needed) if [ -f "$l_kfile" ] && [ "$(awk -F/ '{split($(NF-1),a,".");print a[1]}' <<< "$l_kfile")" != "$l_gpname" ]; then sed -ri "/^s*automounts*=/s/^/# /" "$l_kfile" l_kfile="/etc/dconf/db/$l_gpname.d/00-media-automount" fi if [ -f "$l_kfile2" ] && [ "$(awk -F/ '{split($(NF-1),a,".");print a[1]}' <<< "$l_kfile2")" != "$l_gpname" ]; then sed -ri "/^s*automount-opens*=/s/^/# /" "$l_kfile2" fi [ -z "$l_kfile" ] && l_kfile="/etc/dconf/db/$l_gpname.d/00-media-automount" # Check if profile file exists if grep -Pq -- "^h*system-db:$l_gpnameb" /etc/dconf/profile/*; then echo -e " - dconf database profile exists in: \"$(grep -Pl -- "^h*system-db:$l_gpnameb" /etc/dconf/profile/*)\"" else if [ ! -f "/etc/dconf/profile/user" ]; then l_gpfile="/etc/dconf/profile/user" else l_gpfile="/etc/dconf/profile/user2" fi echo -e " - creating dconf database profile" { echo -e " user-db:user" echo "system-db:$l_gpname" } >> "$l_gpfile" fi # create dconf directory if it doesn't exists l_gpdir="/etc/dconf/db/$l_gpname.d" if [ -d "$l_gpdir" ]; then echo " - The dconf database directory \"$l_gpdir\" exists" else echo " - creating dconf database directory \"$l_gpdir\"" mkdir "$l_gpdir" fi # check automount-open setting if grep -Pqs -- '^h*automount-openh*=h*falseb' "$l_kfile"; then echo " - \"automount-open\" is set to false in: \"$l_kfile\"" else echo " - creating \"automount-open\" entry in \"$l_kfile\"" ! grep -Psq -- '^h*[org/gnome/desktop/media-handling]b' "$l_kfile" && echo '[org/gnome/desktop/media-handling]' >> "$l_kfile" sed -ri '/^s*[org/gnome/desktop/media-handling]/a \nautomount-open=false' "$l_kfile" fi # check automount setting if grep -Pqs -- '^h*automounth*=h*falseb' "$l_kfile"; then echo " - \"automount\" is set to false in: \"$l_kfile\"" else echo " - creating \"automount\" entry in \"$l_kfile\"" ! grep -Psq -- '^h*[org/gnome/desktop/media-handling]b' "$l_kfile" && echo '[org/gnome/desktop/media-handling]' >> "$l_kfile" sed -ri '/^s*[org/gnome/desktop/media-handling]/a \nautomount=false' "$l_kfile" fi # update dconf database dconf update else echo -e " - GNOME Desktop Manager package is not installed on the system - Recommendation is not applicable" fi } OR Run the following command to uninstall the GNOME desktop Manager package: # yum remove gdm Impact: The use of portable hard drives is very common for workstation users. If your organization allows the use of portable storage or media on workstations and physical access controls to workstations is considered adequate there is little value add in turning off automounting. | M68: https://workbench.cisecurity.org/benchmarks/15965 | N68: 800-171|3.8.7, 800-171r3|03.08.07, 800-53|MP-7, 800-53r5|MP-7, CN-L3|8.5.4.1(c), CSCv7|8.5, CSCv8|10.3, CSF|PR.PT-2, GDPR|32.1.b, HIPAA|164.306(a)(1), HIPAA|164.312(a)(1), ISO-27001-2022|A.5.10, ISO-27001-2022|A.7.10, ISO/IEC-27001|A.8.3.1, ISO/IEC-27001|A.8.3.3, LEVEL|1A, NESA|T1.4.1
A69: oracle_post.nessus | B69: 192.168.0.75 | C69: RB-NT-201.redbelt.com.br | D69: 21157 | E69: 0 | F69: CIS_Oracle_Linux_7_v4.0.0_L1_Server.audit | G69: 1.7.7 Ensure GDM disabling automatic mounting of removable media is not overridden | H69: PASSED | I69: The command script with multiple lines returned : - Audit Result: ** PASS ** - GNOME Desktop Manager package is not installed on the system - Recommendation is not applicable | J69: cmd: multiple line script dont_echo_cmd: NO expect: (?i)^[\s]*\**[\s]*pass:?[\s]*\**$ | K69: By default GNOME automatically mounts removable media when inserted as a convenience to the user By using the lockdown mode in dconf, you can prevent users from changing specific settings. To lock down a dconf key or subpath, create a locks subdirectory in the keyfile directory. The files inside this directory contain a list of keys or subpaths to lock. Just as with the keyfiles, you may add any number of files to this directory. Example Lock File: # Lock automount settings /org/gnome/desktop/media-handling/automount /org/gnome/desktop/media-handling/automount-open With automounting enabled anyone with physical access could attach a USB drive or disc and have its contents available in system even if they lacked permissions to mount it themselves. | L69: Run the following script to lock disable automatic mounting of media for all GNOME users: #!/usr/bin/env bash { # Check if GNMOE Desktop Manager is installed. If package isn't installed, recommendation is Not Applicable # determine system's package manager l_pkgoutput="" if command -v dpkg-query > /dev/null 2>&1; then l_pq="dpkg-query -W" elif command -v rpm > /dev/null 2>&1; then l_pq="rpm -q" fi # Check if GDM is installed l_pcl="gdm gdm3" # Space seporated list of packages to check for l_pn in $l_pcl; do $l_pq "$l_pn" > /dev/null 2>&1 && l_pkgoutput="y" && echo -e " - Package: \"$l_pn\" exists on the system - remediating configuration if needed" done # Check configuration (If applicable) if [ -n "$l_pkgoutput" ]; then # Look for automount to determine profile in use, needed for remaining tests l_kfd="/etc/dconf/db/$(grep -Psril '^h*automountb' /etc/dconf/db/*/ | awk -F'/' '{split($(NF-1),a,".");print a[1]}').d" #set directory of key file to be locked # Look for automount-open to determine profile in use, needed for remaining tests l_kfd2="/etc/dconf/db/$(grep -Psril '^h*automount-openb' /etc/dconf/db/*/ | awk -F'/' '{split($(NF-1),a,".");print a[1]}').d" #set directory of key file to be locked if [ -d "$l_kfd" ]; then # If key file directory doesn't exist, options can't be locked if grep -Priq '^h*/org/gnome/desktop/media-handling/automountb' "$l_kfd"; then echo " - \"automount\" is locked in \"$(grep -Pril '^h*/org/gnome/desktop/media-handling/automountb' "$l_kfd")\"" else echo " - creating entry to lock \"automount\"" [ ! -d "$l_kfd"/locks ] && echo "creating directory $l_kfd/locks" && mkdir "$l_kfd"/locks { echo -e ' # Lock desktop media-handling automount setting' echo '/org/gnome/desktop/media-handling/automount' } >> "$l_kfd"/locks/00-media-automount fi else echo -e " - \"automount\" is not set so it can not be locked - Please follow Recommendation \"Ensure GDM automatic mounting of removable media is disabled\" and follow this Recommendation again" fi if [ -d "$l_kfd2" ]; then # If key file directory doesn't exist, options can't be locked if grep -Priq '^h*/org/gnome/desktop/media-handling/automount-openb' "$l_kfd2"; then echo " - \"automount-open\" is locked in \"$(grep -Pril '^h*/org/gnome/desktop/media-handling/automount-openb' "$l_kfd2")\"" else echo " - creating entry to lock \"automount-open\"" [ ! -d "$l_kfd2"/locks ] && echo "creating directory $l_kfd2/locks" && mkdir "$l_kfd2"/locks { echo -e ' # Lock desktop media-handling automount-open setting' echo '/org/gnome/desktop/media-handling/automount-open' } >> "$l_kfd2"/locks/00-media-automount fi else echo -e " - \"automount-open\" is not set so it can not be locked - Please follow Recommendation \"Ensure GDM automatic mounting of removable media is disabled\" and follow this Recommendation again" fi # update dconf database dconf update else echo -e " - GNOME Desktop Manager package is not installed on the system - Recommendation is not applicable" fi } Impact: The use of portable hard drives is very common for workstation users | M69: https://workbench.cisecurity.org/benchmarks/15965 | N69: 800-171|3.8.7, 800-171r3|03.08.07, 800-53|MP-7, 800-53r5|MP-7, CN-L3|8.5.4.1(c), CSCv7|8.5, CSCv8|10.3, CSF|PR.PT-2, GDPR|32.1.b, HIPAA|164.306(a)(1), HIPAA|164.312(a)(1), ISO-27001-2022|A.5.10, ISO-27001-2022|A.7.10, ISO/IEC-27001|A.8.3.1, ISO/IEC-27001|A.8.3.3, LEVEL|1A, NESA|T1.4.1
A70: oracle_post.nessus | B70: 192.168.0.75 | C70: RB-NT-201.redbelt.com.br | D70: 21157 | E70: 0 | F70: CIS_Oracle_Linux_7_v4.0.0_L1_Server.audit | G70: 1.7.8 Ensure GDM autorun-never is enabled | H70: PASSED | I70: The command script with multiple lines returned : - Audit Result: ** PASS ** - GNOME Desktop Manager package is not installed on the system - Recommendation is not applicable | J70: cmd: multiple line script dont_echo_cmd: NO expect: (?i)^[\s]*\**[\s]*pass:?[\s]*\**$ | K70: The autorun-never setting allows the GNOME Desktop Display Manager to disable autorun through GDM. Malware on removable media may take advantage of Autorun features when the media is inserted into a system and execute. | L70: Run the following script to set autorun-never to true for GDM users: #!/usr/bin/env bash { l_pkgoutput="" l_output="" l_output2="" l_gpname="local" # Set to desired dconf profile name (default is local) # Check if GNOME Desktop Manager is installed. If package isn't installed, recommendation is Not Applicable # determine system's package manager if command -v dpkg-query > /dev/null 2>&1; then l_pq="dpkg-query -W" elif command -v rpm > /dev/null 2>&1; then l_pq="rpm -q" fi # Check if GDM is installed l_pcl="gdm gdm3" # Space separated list of packages to check for l_pn in $l_pcl; do $l_pq "$l_pn" > /dev/null 2>&1 && l_pkgoutput="$l_pkgoutput - Package: \"$l_pn\" exists on the system - checking configuration" done echo -e "$l_pkgoutput" # Check configuration (If applicable) if [ -n "$l_pkgoutput" ]; then echo -e "$l_pkgoutput" # Look for existing settings and set variables if they exist l_kfile="$(grep -Prils -- '^h*autorun-neverb' /etc/dconf/db/*.d)" # Set profile name based on dconf db directory ({PROFILE_NAME}.d) if [ -f "$l_kfile" ]; then l_gpname="$(awk -F/ '{split($(NF-1),a,".");print a[1]}' <<< "$l_kfile")" echo " - updating dconf profile name to \"$l_gpname\"" fi [ ! -f "$l_kfile" ] && l_kfile="/etc/dconf/db/$l_gpname.d/00-media-autorun" # Check if profile file exists if grep -Pq -- "^h*system-db:$l_gpnameb" /etc/dconf/profile/*; then echo -e " - dconf database profile exists in: \"$(grep -Pl -- "^h*system-db:$l_gpnameb" /etc/dconf/profile/*)\"" else [ ! -f "/etc/dconf/profile/user" ] && l_gpfile="/etc/dconf/profile/user" || l_gpfile="/etc/dconf/profile/user2" echo -e " - creating dconf database profile" { echo -e " user-db:user" echo "system-db:$l_gpname" } >> "$l_gpfile" fi # create dconf directory if it doesn't exists l_gpdir="/etc/dconf/db/$l_gpname.d" if [ -d "$l_gpdir" ]; then echo " - The dconf database directory \"$l_gpdir\" exists" else echo " - creating dconf database directory \"$l_gpdir\"" mkdir "$l_gpdir" fi # check autorun-never setting if grep -Pqs -- '^h*autorun-neverh*=h*trueb' "$l_kfile"; then echo " - \"autorun-never\" is set to true in: \"$l_kfile\"" else echo " - creating or updating \"autorun-never\" entry in \"$l_kfile\"" if grep -Psq -- '^h*autorun-never' "$l_kfile"; then sed -ri 's/(^s*autorun-nevers*=s*)(S+)(s*.*)$/1true 3/' "$l_kfile" else ! grep -Psq -- '^h*[org/gnome/desktop/media-handling]b' "$l_kfile" && echo '[org/gnome/desktop/media-handling]' >> "$l_kfile" sed -ri '/^s*[org/gnome/desktop/media-handling]/a \nautorun-never=true' "$l_kfile" fi fi else echo -e " - GNOME Desktop Manager package is not installed on the system - Recommendation is not applicable" fi # update dconf database dconf update } | M70: https://workbench.cisecurity.org/benchmarks/15965 | N70: 800-171|3.8.7, 800-171r3|03.08.07, 800-53|MP-7, 800-53r5|MP-7, CN-L3|8.5.4.1(c), CSCv7|8.5, CSCv8|10.3, CSF|PR.PT-2, GDPR|32.1.b, HIPAA|164.306(a)(1), HIPAA|164.312(a)(1), ISO-27001-2022|A.5.10, ISO-27001-2022|A.7.10, ISO/IEC-27001|A.8.3.1, ISO/IEC-27001|A.8.3.3, LEVEL|1A, NESA|T1.4.1
A71: oracle_post.nessus | B71: 192.168.0.75 | C71: RB-NT-201.redbelt.com.br | D71: 21157 | E71: 0 | F71: CIS_Oracle_Linux_7_v4.0.0_L1_Server.audit | G71: 1.7.9 Ensure GDM autorun-never is not overridden | H71: PASSED | I71: The command script with multiple lines returned : - Audit Result: ** PASS ** - GNOME Desktop Manager package is not installed on the system - Recommendation is not applicable | J71: cmd: multiple line script dont_echo_cmd: NO expect: (?i)^[\s]*\**[\s]*pass:?[\s]*\**$ | K71: The autorun-never setting allows the GNOME Desktop Display Manager to disable autorun through GDM. By using the lockdown mode in dconf, you can prevent users from changing specific settings. To lock down a dconf key or subpath, create a locks subdirectory in the keyfile directory. The files inside this directory contain a list of keys or subpaths to lock. Just as with the keyfiles, you may add any number of files to this directory. Example Lock File: # Lock desktop media-handling settings /org/gnome/desktop/media-handling/autorun-never Malware on removable media may take advantage of Autorun features when the media is inserted into a system and execute. | L71: Run the following script to ensure that autorun-never=true cannot be overridden: #!/usr/bin/env bash { # Check if GNOME Desktop Manager is installed. If package isn't installed, recommendation is Not Applicable # determine system's package manager l_pkgoutput="" if command -v dpkg-query > /dev/null 2>&1; then l_pq="dpkg-query -W" elif command -v rpm > /dev/null 2>&1; then l_pq="rpm -q" fi # Check if GDM is installed l_pcl="gdm gdm3" # Space separated list of packages to check for l_pn in $l_pcl; do $l_pq "$l_pn" > /dev/null 2>&1 && l_pkgoutput="y" && echo -e " - Package: \"$l_pn\" exists on the system - remediating configuration if needed" done # Check configuration (If applicable) if [ -n "$l_pkgoutput" ]; then # Look for autorun to determine profile in use, needed for remaining tests l_kfd="/etc/dconf/db/$(grep -Psril '^h*autorun-neverb' /etc/dconf/db/*/ | awk -F'/' '{split($(NF-1),a,".");print a[1]}').d" #set directory of key file to be locked if [ -d "$l_kfd" ]; then # If key file directory doesn't exist, options can't be locked if grep -Priq '^h*/org/gnome/desktop/media-handling/autorun-neverb' "$l_kfd"; then echo " - \"autorun-never\" is locked in \"$(grep -Pril '^h*/org/gnome/desktop/media-handling/autorun-neverb' "$l_kfd")\"" else echo " - creating entry to lock \"autorun-never\"" [ ! -d "$l_kfd"/locks ] && echo "creating directory $l_kfd/locks" && mkdir "$l_kfd"/locks { echo -e ' # Lock desktop media-handling autorun-never setting' echo '/org/gnome/desktop/media-handling/autorun-never' } >> "$l_kfd"/locks/00-media-autorun fi else echo -e " - \"autorun-never\" is not set so it can not be locked - Please follow Recommendation \"Ensure GDM autorun-never is enabled\" and follow this Recommendation again" fi # update dconf database dconf update else echo -e " - GNOME Desktop Manager package is not installed on the system - Recommendation is not applicable" fi } | M71: https://workbench.cisecurity.org/benchmarks/15965 | N71: 800-171|3.8.7, 800-171r3|03.08.07, 800-53|MP-7, 800-53r5|MP-7, CN-L3|8.5.4.1(c), CSCv7|8.5, CSCv8|10.3, CSF|PR.PT-2, GDPR|32.1.b, HIPAA|164.306(a)(1), HIPAA|164.312(a)(1), ISO-27001-2022|A.5.10, ISO-27001-2022|A.7.10, ISO/IEC-27001|A.8.3.1, ISO/IEC-27001|A.8.3.3, LEVEL|1A, NESA|T1.4.1
A72: oracle_post.nessus | B72: 192.168.0.75 | C72: RB-NT-201.redbelt.com.br | D72: 21157 | E72: 0 | F72: CIS_Oracle_Linux_7_v4.0.0_L1_Server.audit | G72: 2.1.1 Ensure time synchronization is in use | H72: PASSED | I72: The local RPM is newer than chrony-0.0.0-0 (chrony-3.4-1.0.3.el7) | J72: operator: gt required: YES rpm: chrony-0.0.0-0 | K72: System time should be synchronized between all systems in an environment. This is typically done by establishing an authoritative time server or set of servers and having all systems synchronize their clocks to them. Note: If another method for time synchronization is being used, this section may be skipped. Time synchronization is important to support time sensitive security mechanisms like Kerberos and also ensures log files have consistent time records across the enterprise, which aids in forensic investigations. | L72: Run the following command to install chrony : # yum install chrony | M72: https://workbench.cisecurity.org/benchmarks/15965 | N72: 800-171|3.3.6, 800-171|3.3.7, 800-171r3|03.03.06a., 800-171r3|03.03.07, 800-53|AU-7, 800-53|AU-8, 800-53r5|AU-7, 800-53r5|AU-8, CN-L3|7.1.2.3(c), CN-L3|8.1.4.3(b), CSCv7|6.1, CSCv8|8.4, CSF|PR.PT-1, CSF|RS.AN-3, CSF2.0|PR.PS-04, CSF2.0|RS.AN-03, CSF2.0|RS.AN-06, CSF2.0|RS.AN-07, GDPR|32.1.b, HIPAA|164.306(a)(1), HIPAA|164.312(b), ISO-27001-2022|A.8.17, ITSG-33|AU-7, ITSG-33|AU-8, LEVEL|1A, NESA|T3.6.2, QCSC-v1|8.2.1, QCSC-v1|10.2.1, QCSC-v1|11.2, QCSC-v1|13.2, SWIFT-CSCv1|6.4, TBA-FIISB|37.4
A73: oracle_post.nessus | B73: 192.168.0.75 | C73: RB-NT-201.redbelt.com.br | D73: 21157 | E73: 3 | F73: CIS_Oracle_Linux_7_v4.0.0_L1_Server.audit | G73: 2.1.2 Ensure chrony is configured | H73: FAILED | I73: No matching files were found Less than 1 matches of regex found | J73: expect: ^[\s]*(server|pool)[\s]+10.0.0.2 file: /etc/chrony.conf /etc/chrony.d/* min_occurrences: 1 regex: ^[\s]*(server|pool)[\s]+10.0.0.2 string_required: NO | K73: chrony is a daemon which implements the Network Time Protocol (NTP) and is designed to synchronize system clocks across a variety of systems and use a source that is highly accurate. More information on chrony can be found at http://chrony.tuxfamily.org/ . chrony can be configured to be a client and/or a server. If chrony is in use on the system proper configuration is vital to ensuring time synchronization is working properly. | L73: Add or edit server or pool lines to /etc/chrony.conf as appropriate: Example: server <remote-server> | M73: https://workbench.cisecurity.org/benchmarks/15965 | N73: 800-171|3.3.6, 800-171|3.3.7, 800-171r3|03.03.06a., 800-171r3|03.03.07, 800-53|AU-7, 800-53|AU-8, 800-53r5|AU-7, 800-53r5|AU-8, CN-L3|7.1.2.3(c), CN-L3|8.1.4.3(b), CSCv7|6.1, CSCv8|8.4, CSF|PR.PT-1, CSF|RS.AN-3, CSF2.0|PR.PS-04, CSF2.0|RS.AN-03, CSF2.0|RS.AN-06, CSF2.0|RS.AN-07, GDPR|32.1.b, HIPAA|164.306(a)(1), HIPAA|164.312(b), ISO-27001-2022|A.8.17, ITSG-33|AU-7, ITSG-33|AU-8, LEVEL|1A, NESA|T3.6.2, QCSC-v1|8.2.1, QCSC-v1|10.2.1, QCSC-v1|11.2, QCSC-v1|13.2, SWIFT-CSCv1|6.4, TBA-FIISB|37.4
A74: oracle_post.nessus | B74: 192.168.0.75 | C74: RB-NT-201.redbelt.com.br | D74: 21157 | E74: 2 | F74: CIS_Oracle_Linux_7_v4.0.0_L1_Server.audit | G74: 2.1.3 Ensure chrony is not run as the root user | H74: ERROR | K74: The file /etc/sysconfig/chronyd allows configuration of options for chrony to include the user chrony is run as. By default this is set to the user chrony Services should not be set to run as the root user | L74: Edit the file /etc/sysconfig/chronyd and add or modify the following line: OPTIONS="-u chrony" Run the following command to reload the chronyd.service configuration: # systemctl try-reload-or-restart chronyd.service | M74: https://workbench.cisecurity.org/benchmarks/15965 | N74: 800-171|3.1.5, 800-171r3|03.01.05a., 800-53|AC-6, 800-53r5|AC-6, CN-L3|7.1.3.2(b), CN-L3|7.1.3.2(g), CN-L3|8.1.4.2(d), CN-L3|8.1.10.6(a), CSF|PR.AC-4, CSF|PR.DS-5, CSF2.0|PR.AA-05, GDPR|32.1.b, HIPAA|164.306(a)(1), HIPAA|164.312(a)(1), ISO-27001-2022|A.5.15, ISO-27001-2022|A.8.2, ISO-27001-2022|A.8.18, ITSG-33|AC-6, LEVEL|1A, NESA|T5.1.1, NESA|T5.2.2, NESA|T5.4.1, NESA|T5.4.4, NESA|T5.4.5, NESA|T5.5.4, NESA|T5.6.1, NESA|T7.5.3, NIAv2|AM1, NIAv2|AM23f, NIAv2|SS13c, NIAv2|SS15c, PCI-DSSv3.2.1|7.1.2, PCI-DSSv4.0|7.2.1, PCI-DSSv4.0|7.2.2, QCSC-v1|5.2.2, QCSC-v1|6.2, QCSC-v1|13.2, SWIFT-CSCv1|5.1, TBA-FIISB|31.4.2, TBA-FIISB|31.4.3
A75: oracle_post.nessus | B75: 192.168.0.75 | C75: RB-NT-201.redbelt.com.br | D75: 21157 | E75: 0 | F75: CIS_Oracle_Linux_7_v4.0.0_L1_Server.audit | G75: 2.2.1 Ensure autofs services are not in use | H75: PASSED | I75: The package 'autofs-0.0.0-0' is not installed | J75: operator: lte rpm: autofs-0.0.0-0 | K75: autofs allows automatic mounting of devices, typically including CD/DVDs and USB drives. With automounting enabled anyone with physical access could attach a USB drive or disc and have its contents available in system even if they lacked permissions to mount it themselves. | L75: Run the following commands to stop autofs.service and remove autofs package: # systemctl stop autofs.service # yum remove autofs -OR- -IF- the autofs package is required as a dependency: Run the following commands to stop and mask autofs.service : # systemctl stop autofs.service # systemctl mask autofs.service Impact: The use of portable hard drives is very common for workstation users. If your organization allows the use of portable storage or media on workstations and physical access controls to workstations is considered adequate there is little value add in turning off automounting. There may be packages that are dependent on the autofs package. If the autofs package is removed, these dependent packages will be removed as well. Before removing the autofs package, review any dependent packages to determine if they are required on the system. -IF- a dependent package is required: stop and mask the autofs.service leaving the autofs package installed. | M75: https://workbench.cisecurity.org/benchmarks/15965 | N75: 800-171|3.8.7, 800-171r3|03.08.07, 800-53|MP-7, 800-53r5|MP-7, CN-L3|8.5.4.1(c), CSCv7|8.5, CSCv8|10.3, CSF|PR.PT-2, GDPR|32.1.b, HIPAA|164.306(a)(1), HIPAA|164.312(a)(1), ISO-27001-2022|A.5.10, ISO-27001-2022|A.7.10, ISO/IEC-27001|A.8.3.1, ISO/IEC-27001|A.8.3.3, LEVEL|1A, NESA|T1.4.1
A76: oracle_post.nessus | B76: 192.168.0.75 | C76: RB-NT-201.redbelt.com.br | D76: 21157 | E76: 0 | F76: CIS_Oracle_Linux_7_v4.0.0_L1_Server.audit | G76: 2.2.10 Ensure nis server services are not in use | H76: PASSED | I76: The package 'ypserv-0.0.0-0' is not installed | J76: operator: lte rpm: ypserv-0.0.0-0 | K76: The Network Information Service (NIS), formerly known as Yellow Pages, is a client-server directory service protocol used to distribute system configuration files. The NIS client ( ypbind ) was used to bind a machine to an NIS server and receive the distributed configuration files. The NIS service is inherently an insecure system that has been vulnerable to DOS attacks, buffer overflows and has poor authentication for querying NIS maps. NIS generally has been replaced by such protocols as Lightweight Directory Access Protocol (LDAP). It is recommended that the service be removed. | L76: Run the following commands to stop ypserv.service and remove ypserv package: # systemctl stop ypserv.service # yum remove ypserv -OR- -IF- the ypserv package is required as a dependency: Run the following commands to stop and mask ypserv.service : # systemctl stop ypserv.service # systemctl mask ypserv.service Impact: There may be packages that are dependent on the ypserv package. If the ypserv package is removed, these dependent packages will be removed as well. Before removing the ypserv package, review any dependent packages to determine if they are required on the system. -IF- a dependent package is required: stop and mask the ypserv.service leaving the ypserv package installed. | M76: https://workbench.cisecurity.org/benchmarks/15965 | N76: 800-171|3.4.2, 800-171|3.4.6, 800-171|3.4.7, 800-171r3|03.04.02, 800-171r3|03.04.06, 800-53|CM-6, 800-53|CM-7, 800-53r5|CM-6, 800-53r5|CM-7, CSCv7|9.2, CSCv8|4.8, CSF|PR.IP-1, CSF|PR.PT-3, CSF2.0|DE.CM-09, CSF2.0|PR.PS-01, GDPR|32.1.b, HIPAA|164.306(a)(1), ISO-27001-2022|A.8.9, ITSG-33|CM-6, ITSG-33|CM-7, LEVEL|1A, NIAv2|SS15a, PCI-DSSv3.2.1|2.2.2, SWIFT-CSCv1|2.3
A77: oracle_post.nessus | B77: 192.168.0.75 | C77: RB-NT-201.redbelt.com.br | D77: 21157 | E77: 0 | F77: CIS_Oracle_Linux_7_v4.0.0_L1_Server.audit | G77: 2.2.11 Ensure print server services are not in use | H77: PASSED | I77: The package 'cups-0.0.0-0' is not installed | J77: operator: lte rpm: cups-0.0.0-0 | K77: The Common Unix Print System (CUPS) provides the ability to print to both local and network printers. A system running CUPS can also accept print jobs from remote systems and print them to local printers. It also provides a web based remote administration capability. If the system does not need to print jobs or accept print jobs from other systems, it is recommended that CUPS be removed to reduce the potential attack surface. | L77: Run the following commands to stop cups.socket and cups.service and remove the cups package: # systemctl stop cups.socket cups.service # yum remove cups -OR- -IF- the cups package is required as a dependency: Run the following commands to stop and mask the cups.socket and cups.service : # systemctl stop cups.socket cups.service # systemctl mask cups.socket cups.service Impact: Removing the cups package, or disabling cups.socket and/or cups.service will prevent printing from the system, a common task for workstation systems. There may be packages that are dependent on the cups package. If the cups package is removed, these dependent packages will be removed as well. Before removing the cups package, review any dependent packages to determine if they are required on the system. -IF- a dependent package is required: stop and mask cups.socket and cups.service leaving the cups package installed. | M77: https://workbench.cisecurity.org/benchmarks/15965 | N77: 800-171|3.4.2, 800-171|3.4.6, 800-171|3.4.7, 800-171r3|03.04.02, 800-171r3|03.04.06, 800-53|CM-6, 800-53|CM-7, 800-53r5|CM-6, 800-53r5|CM-7, CSCv7|9.2, CSCv8|4.8, CSF|PR.IP-1, CSF|PR.PT-3, CSF2.0|DE.CM-09, CSF2.0|PR.PS-01, GDPR|32.1.b, HIPAA|164.306(a)(1), ISO-27001-2022|A.8.9, ITSG-33|CM-6, ITSG-33|CM-7, LEVEL|1A, NIAv2|SS15a, PCI-DSSv3.2.1|2.2.2, SWIFT-CSCv1|2.3
A78: oracle_post.nessus | B78: 192.168.0.75 | C78: RB-NT-201.redbelt.com.br | D78: 21157 | E78: 0 | F78: CIS_Oracle_Linux_7_v4.0.0_L1_Server.audit | G78: 2.2.12 Ensure rpcbind services are not in use | H78: PASSED | I78: The package 'rpcbind-0.0.0-0' is not installed | J78: operator: lte rpm: rpcbind-0.0.0-0 | K78: The rpcbind utility maps RPC services to the ports on which they listen. RPC processes notify rpcbind when they start, registering the ports they are listening on and the RPC program numbers they expect to serve. The client system then contacts rpcbind on the server with a particular RPC program number. The rpcbind.service redirects the client to the proper port number so it can communicate with the requested service. Portmapper is an RPC service, which always listens on tcp and udp 111, and is used to map other RPC services (such as nfs, nlockmgr, quotad, mountd, etc.) to their corresponding port number on the server. When a remote host makes an RPC call to that server, it first consults with portmap to determine where the RPC server is listening. A small request (~82 bytes via UDP) sent to the Portmapper generates a large response (7x to 28x amplification), which makes it a suitable tool for DDoS attacks. If rpcbind is not required, it is recommended to remove rpcbind package to reduce the potential attack surface. | L78: Run the following commands to stop rpcbind.socket and rpcbind.service and remove the rpcbind package: # systemctl stop rpcbind.socket rpcbind.service # yum remove rpcbind -OR- -IF- the rpcbind package is required as a dependency: Run the following commands to stop and mask the rpcbind.socket and rpcbind.service : # systemctl stop rpcbind.socket rpcbind.service # systemctl mask rpcbind.socket rpcbind.service Impact: Many of the libvirt packages used by Enterprise Linux virtualization, and the nfs-utils package used for The Network File System (NFS), are dependent on the rpcbind package. If the rpcbind package is removed, these dependent packages will be removed as well. Before removing the rpcbind package, review any dependent packages to determine if they are required on the system. -IF- a dependent package is required: stop and mask the rpcbind.socket and rpcbind.service leaving the rpcbind package installed. | M78: https://workbench.cisecurity.org/benchmarks/15965 | N78: 800-171|3.4.2, 800-171|3.4.6, 800-171|3.4.7, 800-171r3|03.04.02, 800-171r3|03.04.06, 800-53|CM-6, 800-53|CM-7, 800-53r5|CM-6, 800-53r5|CM-7, CSCv7|9.2, CSCv8|4.8, CSF|PR.IP-1, CSF|PR.PT-3, CSF2.0|DE.CM-09, CSF2.0|PR.PS-01, GDPR|32.1.b, HIPAA|164.306(a)(1), ISO-27001-2022|A.8.9, ITSG-33|CM-6, ITSG-33|CM-7, LEVEL|1A, NIAv2|SS15a, PCI-DSSv3.2.1|2.2.2, SWIFT-CSCv1|2.3
A79: oracle_post.nessus | B79: 192.168.0.75 | C79: RB-NT-201.redbelt.com.br | D79: 21157 | E79: 0 | F79: CIS_Oracle_Linux_7_v4.0.0_L1_Server.audit | G79: 2.2.13 Ensure rsync services are not in use | H79: PASSED | I79: The package 'rsync-daemon-0.0.0-0' is not installed | J79: operator: lte rpm: rsync-daemon-0.0.0-0 | K79: The rsyncd.service can be used to synchronize files between systems over network links. Unless required, the rsync package should be removed to reduce the potential attack surface. The rsyncd.service presents a security risk as it uses unencrypted protocols for communication. | L79: Run the following commands to stop rsyncd.socket and rsyncd.service and remove the rsync package: # systemctl stop rsyncd.socket rsyncd.service # yum remove rsync -OR- -IF- the rsync package is required as a dependency: Run the following commands to stop and mask the rsyncd.socket and rsyncd.service : # systemctl stop rsyncd.socket rsyncd.service # systemctl mask rsyncd.socket rsyncd.service Impact: There may be packages that are dependent on the rsync package. If the rsync package is removed, these dependent packages will be removed as well. Before removing the rsync package, review any dependent packages to determine if they are required on the system. -IF- a dependent package is required: stop and mask the rsyncd.socket and rsyncd.service leaving the rsync package installed. | M79: https://workbench.cisecurity.org/benchmarks/15965 | N79: 800-171|3.4.2, 800-171|3.4.6, 800-171|3.4.7, 800-171r3|03.04.02, 800-171r3|03.04.06, 800-53|CM-6, 800-53|CM-7, 800-53r5|CM-6, 800-53r5|CM-7, CSCv7|9.2, CSCv8|4.8, CSF|PR.IP-1, CSF|PR.PT-3, CSF2.0|DE.CM-09, CSF2.0|PR.PS-01, GDPR|32.1.b, HIPAA|164.306(a)(1), ISO-27001-2022|A.8.9, ITSG-33|CM-6, ITSG-33|CM-7, LEVEL|1A, NIAv2|SS15a, PCI-DSSv3.2.1|2.2.2, SWIFT-CSCv1|2.3
A80: oracle_post.nessus | B80: 192.168.0.75 | C80: RB-NT-201.redbelt.com.br | D80: 21157 | E80: 0 | F80: CIS_Oracle_Linux_7_v4.0.0_L1_Server.audit | G80: 2.2.14 Ensure snmp services are not in use | H80: PASSED | I80: The package 'net-snmp-0.0.0-0' is not installed | J80: operator: lte rpm: net-snmp-0.0.0-0 | K80: Simple Network Management Protocol (SNMP) is a widely used protocol for monitoring the health and welfare of network equipment, computer equipment and devices like UPSs. Net-SNMP is a suite of applications used to implement SNMPv1 (RFC 1157), SNMPv2 (RFCs 1901-1908), and SNMPv3 (RFCs 3411-3418) using both IPv4 and IPv6. Support for SNMPv2 classic (a.k.a. "SNMPv2 historic" - RFCs 1441-1452) was dropped with the 4.0 release of the UCD-snmp package. The Simple Network Management Protocol (SNMP) server is used to listen for SNMP commands from an SNMP management system, execute the commands or collect the information and then send results back to the requesting system. The SNMP server can communicate using SNMPv1 which transmits data in the clear and does not require authentication to execute commands. SNMPv3 replaces the simple/clear text password sharing used in SNMPv2 with more securely encoded parameters. If the the SNMP service is not required, the net-snmp package should be removed to reduce the attack surface of the system. Note: If SNMP is required: - The server should be configured for SNMP v3 only. User Authentication and Message Encryption should be configured. - If SNMP v2 is absolutely necessary, modify the community strings' values. | L80: Run the following commands to stop snmpd.service and remove net-snmp package: # systemctl stop snmpd.service # yum remove net-snmp -OR- If the package is required for dependencies: Run the following commands to stop and mask the snmpd.service : # systemctl stop snmpd.service # systemctl mask snmpd.service Impact: There may be packages that are dependent on the net-snmp package. If the net-snmp package is removed, these packages will be removed as well. Before removing the net-snmp package, review any dependent packages to determine if they are required on the system. If a dependent package is required, stop and mask the snmpd.service leaving the net-snmp package installed. | M80: https://workbench.cisecurity.org/benchmarks/15965 | N80: 800-171|3.4.2, 800-171|3.4.6, 800-171|3.4.7, 800-171r3|03.04.02, 800-171r3|03.04.06, 800-53|CM-6, 800-53|CM-7, 800-53r5|CM-6, 800-53r5|CM-7, CSCv7|9.2, CSCv8|4.8, CSF|PR.IP-1, CSF|PR.PT-3, CSF2.0|DE.CM-09, CSF2.0|PR.PS-01, GDPR|32.1.b, HIPAA|164.306(a)(1), ISO-27001-2022|A.8.9, ITSG-33|CM-6, ITSG-33|CM-7, LEVEL|1A, NIAv2|SS15a, PCI-DSSv3.2.1|2.2.2, SWIFT-CSCv1|2.3
A81: oracle_post.nessus | B81: 192.168.0.75 | C81: RB-NT-201.redbelt.com.br | D81: 21157 | E81: 0 | F81: CIS_Oracle_Linux_7_v4.0.0_L1_Server.audit | G81: 2.2.15 Ensure telnet server services are not in use | H81: PASSED | I81: The package 'telnet-server-0.0.0-0' is not installed | J81: operator: lte rpm: telnet-server-0.0.0-0 | K81: The telnet-server package contains the telnet daemon, which accepts connections from users from other systems via the telnet protocol. The telnet protocol is insecure and unencrypted. The use of an unencrypted transmission medium could allow a user with access to sniff network traffic the ability to steal credentials. The ssh package provides an encrypted session and stronger security. | L81: Run the following commands to stop telnet.socket and remove the telnet-server package: # systemctl stop telnet.socket # yum remove telnet-server -OR- -IF- a package is installed and is required for dependencies: Run the following commands to stop and mask telnet.socket : # systemctl stop telnet.socket # systemctl mask telnet.socket Impact: There may be packages that are dependent on the telnet-server package. If the telnet-server package is removed, these dependent packages will be removed as well. Before removing the telnet-server package, review any dependent packages to determine if they are required on the system. -IF- a dependent package is required: stop and mask the telnet.socket leaving the telnet-server package installed. | M81: https://workbench.cisecurity.org/benchmarks/15965 | N81: 800-171|3.4.2, 800-171|3.4.6, 800-171|3.4.7, 800-171r3|03.04.02, 800-171r3|03.04.06, 800-53|CM-6, 800-53|CM-7, 800-53r5|CM-6, 800-53r5|CM-7, CSCv7|2.6, CSCv7|9.2, CSCv8|4.8, CSF|PR.IP-1, CSF|PR.PT-3, CSF2.0|DE.CM-09, CSF2.0|PR.PS-01, GDPR|32.1.b, HIPAA|164.306(a)(1), ISO-27001-2022|A.8.9, ITSG-33|CM-6, ITSG-33|CM-7, LEVEL|1A, NIAv2|SS15a, PCI-DSSv3.2.1|2.2.2, SWIFT-CSCv1|2.3
A82: oracle_post.nessus | B82: 192.168.0.75 | C82: RB-NT-201.redbelt.com.br | D82: 21157 | E82: 0 | F82: CIS_Oracle_Linux_7_v4.0.0_L1_Server.audit | G82: 2.2.16 Ensure tftp server services are not in use | H82: PASSED | I82: The package 'tftp-server-0.0.0-0' is not installed | J82: operator: lte rpm: tftp-server-0.0.0-0 | K82: Trivial File Transfer Protocol (TFTP) is a simple protocol for exchanging files between two TCP/IP machines. TFTP servers allow connections from a TFTP Client for sending and receiving files. Unless there is a need to run the system as a TFTP server, it is recommended that the package be removed to reduce the potential attack surface. TFTP does not have built-in encryption, access control or authentication. This makes it very easy for an attacker to exploit TFTP to gain access to files | L82: Run the following commands to stop tftp.socket and tftp.service and remove the tftp-server package: # systemctl stop tftp.socket tftp.service # yum remove tftp-server -OR- -IF- the tftp-server package is required as a dependency: Run the following commands to stop and mask tftp.socket and tftp.service : # systemctl stop tftp.socket tftp.service # systemctl mask tftp.socket tftp.service Impact: TFTP is often used to provide files for network booting such as for PXE based installation of servers. There may be packages that are dependent on the tftp-server package. If the tftp-server package is removed, these dependent packages will be removed as well. Before removing the tftp-server package, review any dependent packages to determine if they are required on the system. -IF- a dependent package is required: stop and mask the tftp.socket and tftp.service leaving the tftp-server package installed. | M82: https://workbench.cisecurity.org/benchmarks/15965 | N82: 800-171|3.4.2, 800-171|3.4.6, 800-171|3.4.7, 800-171r3|03.04.02, 800-171r3|03.04.06, 800-53|CM-6, 800-53|CM-7, 800-53r5|CM-6, 800-53r5|CM-7, CSCv7|9.2, CSCv8|4.8, CSF|PR.IP-1, CSF|PR.PT-3, CSF2.0|DE.CM-09, CSF2.0|PR.PS-01, GDPR|32.1.b, HIPAA|164.306(a)(1), ISO-27001-2022|A.8.9, ITSG-33|CM-6, ITSG-33|CM-7, LEVEL|1A, NIAv2|SS15a, PCI-DSSv3.2.1|2.2.2, SWIFT-CSCv1|2.3
A83: oracle_post.nessus | B83: 192.168.0.75 | C83: RB-NT-201.redbelt.com.br | D83: 21157 | E83: 0 | F83: CIS_Oracle_Linux_7_v4.0.0_L1_Server.audit | G83: 2.2.17 Ensure web proxy server services are not in use | H83: PASSED | I83: The package 'squid-0.0.0-0' is not installed | J83: operator: lte rpm: squid-0.0.0-0 | K83: Squid is a standard proxy server used in many distributions and environments. Unless a system is specifically set up to act as a proxy server, it is recommended that the squid package be removed to reduce the potential attack surface. Note: Several HTTP proxy servers exist. These should be checked and removed unless required. | L83: Run the following commands to stop squid.service and remove the squid package: # systemctl stop squid.service # yum remove squid -OR- If the squid package is required as a dependency: Run the following commands to stop and mask the squid.service : # systemctl stop squid.service # systemctl mask squid.service Impact: There may be packages that are dependent on the squid package. If the squid package is removed, these dependent packages will be removed as well. Before removing the squid package, review any dependent packages to determine if they are required on the system. -IF- a dependent package is required: stop and mask the squid.service leaving the squid package installed. | M83: https://workbench.cisecurity.org/benchmarks/15965 | N83: 800-171|3.4.2, 800-171|3.4.6, 800-171|3.4.7, 800-171r3|03.04.02, 800-171r3|03.04.06, 800-53|CM-6, 800-53|CM-7, 800-53r5|CM-6, 800-53r5|CM-7, CSCv7|9.2, CSCv8|4.8, CSF|PR.IP-1, CSF|PR.PT-3, CSF2.0|DE.CM-09, CSF2.0|PR.PS-01, GDPR|32.1.b, HIPAA|164.306(a)(1), ISO-27001-2022|A.8.9, ITSG-33|CM-6, ITSG-33|CM-7, LEVEL|1A, NIAv2|SS15a, PCI-DSSv3.2.1|2.2.2, SWIFT-CSCv1|2.3
A84: oracle_post.nessus | B84: 192.168.0.75 | C84: RB-NT-201.redbelt.com.br | D84: 21157 | E84: 0 | F84: CIS_Oracle_Linux_7_v4.0.0_L1_Server.audit | G84: 2.2.18 Ensure web server services are not in use | H84: PASSED | I84: All of the following must pass to satisfy this requirement: ------------------------- PASSED - nginx services exist on the system The package 'nginx-0.0.0-0' is not installed ------------------------- PASSED - httpd services exist on the system The package 'httpd-0.0.0-0' is not installed | J84: PASSED | K84: Web servers provide the ability to host web site content. Unless there is a local site approved requirement to run a web server service on the system, web server packages should be removed to reduce the potential attack surface. | L84: Run the following commands to stop httpd.socket httpd.service and nginx.service and remove httpd and nginx packages: # systemctl stop httpd.socket httpd.service nginx.service # yum remove httpd nginx -OR- -IF- a package is installed and is required for dependencies: Run the following commands to stop and mask httpd.socket httpd.service and nginx.service : # systemctl stop httpd.socket httpd.service nginx.service # systemctl mask httpd.socket httpd.service nginx.service Note: Other web server packages may exist. If not required and authorized by local site policy, they should also be removed. If the package is required for a dependency, the service and socket should be stopped and masked. Impact: Removal of web server packages will remove that ability for the server to host web services. -IF- the web server package is required for a dependency, any related service or socket should be stopped and masked. Note: If the remediation steps to mask a service are followed and that package is not installed on the system, the service and/or socket will still be masked. If the package is installed due to an approved requirement to host a web server, the associated service and/or socket would need to be unmasked before it could be enabled and/or started. | M84: https://workbench.cisecurity.org/benchmarks/15965 | N84: 800-171|3.4.2, 800-171|3.4.6, 800-171|3.4.7, 800-171r3|03.04.02, 800-171r3|03.04.06, 800-53|CM-6, 800-53|CM-7, 800-53r5|CM-6, 800-53r5|CM-7, CSCv7|9.2, CSCv8|4.8, CSF|PR.IP-1, CSF|PR.PT-3, CSF2.0|DE.CM-09, CSF2.0|PR.PS-01, GDPR|32.1.b, HIPAA|164.306(a)(1), ISO-27001-2022|A.8.9, ITSG-33|CM-6, ITSG-33|CM-7, LEVEL|1A, NIAv2|SS15a, PCI-DSSv3.2.1|2.2.2, SWIFT-CSCv1|2.3
A85: oracle_post.nessus | B85: 192.168.0.75 | C85: RB-NT-201.redbelt.com.br | D85: 21157 | E85: 0 | F85: CIS_Oracle_Linux_7_v4.0.0_L1_Server.audit | G85: 2.2.19 Ensure xinetd services are not in use | H85: PASSED | I85: The package 'xinetd-0.0.0-0' is not installed | J85: operator: lte rpm: xinetd-0.0.0-0 | K85: The eXtended InterNET Daemon ( xinetd ) is an open source super daemon that replaced the original inetd daemon. The xinetd daemon listens for well known services and dispatches the appropriate daemon to properly respond to service requests. Unless your organization specifically requires xinetd services, it is recommended that the package be removed to reduce the attack surface are of the system. | L85: Run the following commands to stop xinetd.service and remove the xinetd package: # systemctl stop xinetd.service # yum remove xinetd -OR- -IF- the xinetd package is required as a dependency: Run the following commands to stop and mask the xinetd.service : # systemctl stop xinetd.service # systemctl mask xinetd.service Impact: There may be packages that are dependent on the xinetd package. If the xinetd package is removed, these dependent packages will be removed as well. Before removing the xinetd package, review any dependent packages to determine if they are required on the system. -IF- a dependent package is required: stop and mask the avahi-daemon.socket and avahi-daemon.service leaving the avahi package installed. | M85: https://workbench.cisecurity.org/benchmarks/15965 | N85: 800-171|3.4.2, 800-171|3.4.6, 800-171|3.4.7, 800-171r3|03.04.02, 800-171r3|03.04.06, 800-53|CM-6, 800-53|CM-7, 800-53r5|CM-6, 800-53r5|CM-7, CSCv7|9.2, CSCv8|4.8, CSF|PR.IP-1, CSF|PR.PT-3, CSF2.0|DE.CM-09, CSF2.0|PR.PS-01, GDPR|32.1.b, HIPAA|164.306(a)(1), ISO-27001-2022|A.8.9, ITSG-33|CM-6, ITSG-33|CM-7, LEVEL|1A, NIAv2|SS15a, PCI-DSSv3.2.1|2.2.2, SWIFT-CSCv1|2.3
A86: oracle_post.nessus | B86: 192.168.0.75 | C86: RB-NT-201.redbelt.com.br | D86: 21157 | E86: 0 | F86: CIS_Oracle_Linux_7_v4.0.0_L1_Server.audit | G86: 2.2.2 Ensure avahi daemon services are not in use | H86: PASSED | I86: The package 'avahi-0.0.0-0' is not installed | J86: operator: lte rpm: avahi-0.0.0-0 | K86: Avahi is a free zeroconf implementation, including a system for multicast DNS/DNS-SD service discovery. Avahi allows programs to publish and discover services and hosts running on a local network with no specific configuration. For example, a user can plug a computer into a network and Avahi automatically finds printers to print to, files to look at and people to talk to, as well as network services running on the machine. Automatic discovery of network services is not normally required for system functionality. It is recommended to remove this package to reduce the potential attack surface. | L86: Run the following commands to stop avahi-daemon.socket and avahi-daemon.service and remove the avahi package: # systemctl stop avahi-daemon.socket avahi-daemon.service # yum remove avahi -OR- -IF- the avahi package is required as a dependency: Run the following commands to stop and mask the avahi-daemon.socket and avahi-daemon.service : # systemctl stop avahi-daemon.socket avahi-daemon.service # systemctl mask avahi-daemon.socket avahi-daemon.service Impact: There may be packages that are dependent on the avahi package. If the avahi package is removed, these dependent packages will be removed as well. Before removing the avahi package, review any dependent packages to determine if they are required on the system. -IF- a dependent package is required: stop and mask the avahi-daemon.socket and avahi-daemon.service leaving the avahi package installed. | M86: https://workbench.cisecurity.org/benchmarks/15965 | N86: 800-171|3.4.2, 800-171|3.4.6, 800-171|3.4.7, 800-171r3|03.04.02, 800-171r3|03.04.06, 800-53|CM-6, 800-53|CM-7, 800-53r5|CM-6, 800-53r5|CM-7, CSCv7|9.2, CSCv8|4.8, CSF|PR.IP-1, CSF|PR.PT-3, CSF2.0|DE.CM-09, CSF2.0|PR.PS-01, GDPR|32.1.b, HIPAA|164.306(a)(1), ISO-27001-2022|A.8.9, ITSG-33|CM-6, ITSG-33|CM-7, LEVEL|1A, NIAv2|SS15a, PCI-DSSv3.2.1|2.2.2, SWIFT-CSCv1|2.3
... A125: oracle_post.nessus | B125: 192.168.0.75 | C125: RB-NT-201.redbelt.com.br | D125: 21157 | E125: 2 | F125: CIS_Oracle_Linux_7_v4.0.0_L1_Server.audit | G125: 3.4.2.4 Ensure network interfaces are assigned to appropriate zone | H125: WARNING | I125: 'The command '/bin/find /sys/class/net/* -maxdepth 1 | /bin/awk -F"/" '{print $NF}' | while read -r netint; do [ "$netint" != "lo" ] && /bin/firewall-cmd --get-active-zones | /bin/grep -B1 $netint; done' returned : public interfaces: ens33 | J125: cmd: /bin/find /sys/class/net/* -maxdepth 1 | /bin/awk -F"/" '{print $NF}' | while read -r netint; do [ "$netint" != "lo" ] && /bin/firewall-cmd --get-active-zones | /bin/grep -B1 $netint; done expect: ^Manual Review Required$ timeout: 7200 | K125: firewall zones define the trust level of network connections or interfaces. A network interface not assigned to the appropriate zone can allow unexpected or undesired network traffic to be accepted on the interface. NOTE: Nessus has provided the target output to assist in reviewing the benchmark to ensure target compliance. | L125: Run the following command to assign an interface to the approprate zone. # firewall-cmd --zone=<Zone NAME> --change-interface=<INTERFACE NAME> Example: # firewall-cmd --zone=customezone --change-interface=eth0 Impact: Changing firewall settings while connected over network can result in being locked out of the system. | M125: https://workbench.cisecurity.org/benchmarks/15965 | N125: 800-171|3.13.1, 800-171|3.13.5, 800-171|3.13.6, 800-171r3|03.13.01, 800-171r3|03.13.06, 800-53|CA-9, 800-53|SC-7, 800-53|SC-7(5), 800-53r5|CA-9, 800-53r5|SC-7, 800-53r5|SC-7(5), CN-L3|7.1.2.2(c), CN-L3|8.1.10.6(j), CSCv7|9.4, CSCv8|4.4, CSF|DE.CM-1, CSF|ID.AM-3, CSF|PR.AC-5, CSF|PR.DS-5, CSF|PR.PT-4, CSF2.0|DE.CM-01, CSF2.0|ID.AM-03, CSF2.0|PR.DS-01, CSF2.0|PR.DS-02, CSF2.0|PR.DS-10, CSF2.0|PR.IR-01, GDPR|32.1.b, GDPR|32.1.d, GDPR|32.2, HIPAA|164.306(a)(1), ISO-27001-2022|A.5.14, ISO-27001-2022|A.8.16, ISO-27001-2022|A.8.20, ISO/IEC-27001|A.13.1.3, ITSG-33|SC-7, ITSG-33|SC-7(5), LEVEL|1M, NESA|T4.5.4, NIAv2|GS1, NIAv2|GS2a, NIAv2|GS2b, NIAv2|GS7b, NIAv2|NS25, PCI-DSSv3.2.1|1.1, PCI-DSSv3.2.1|1.2, PCI-DSSv3.2.1|1.2.1, PCI-DSSv3.2.1|1.3, PCI-DSSv4.0|1.2.1, PCI-DSSv4.0|1.4.1, QCSC-v1|4.2, QCSC-v1|5.2.1, QCSC-v1|5.2.2, QCSC-v1|5.2.3, QCSC-v1|6.2, QCSC-v1|8.2.1, SWIFT-CSCv1|2.1, TBA-FIISB|43.1
A126: oracle_post.nessus | B126: 192.168.0.75 | C126: RB-NT-201.redbelt.com.br | D126: 21157 | E126: 0 | F126: CIS_Oracle_Linux_7_v4.0.0_L1_Server.audit | G126: 3.4.3.1 Ensure nftables is installed | H126: PASSED | J126: PASSED | K126: nftables provides a new in-kernel packet classification framework that is based on a network-specific Virtual Machine (VM) and a new nft userspace command line tool. nftables reuses the existing Netfilter subsystems such as the existing hook infrastructure, the connection tracking system, NAT, userspace queuing and logging subsystem. Note: - nftables is available in Linux kernel 3.13 and newer. - Only one firewall utility should be installed and configured. nftables is a subsystem of the Linux kernel that can protect against threats originating from within a corporate network to include malicious mobile code and poorly configured software on a host. | L126: Run the following command to install nftables # yum install nftables Impact: Changing firewall settings while connected over the network can result in being locked out of the system. | M126: https://workbench.cisecurity.org/benchmarks/15965 | N126: 800-171|3.13.1, 800-171|3.13.5, 800-171|3.13.6, 800-171r3|03.13.01, 800-171r3|03.13.06, 800-53|CA-9, 800-53|SC-7, 800-53|SC-7(5), 800-53r5|CA-9, 800-53r5|SC-7, 800-53r5|SC-7(5), CN-L3|7.1.2.2(c), CN-L3|8.1.10.6(j), CSCv7|9.4, CSCv8|4.4, CSF|DE.CM-1, CSF|ID.AM-3, CSF|PR.AC-5, CSF|PR.DS-5, CSF|PR.PT-4, CSF2.0|DE.CM-01, CSF2.0|ID.AM-03, CSF2.0|PR.DS-01, CSF2.0|PR.DS-02, CSF2.0|PR.DS-10, CSF2.0|PR.IR-01, GDPR|32.1.b, GDPR|32.1.d, GDPR|32.2, HIPAA|164.306(a)(1), ISO-27001-2022|A.5.14, ISO-27001-2022|A.8.16, ISO-27001-2022|A.8.20, ISO/IEC-27001|A.13.1.3, ITSG-33|SC-7, ITSG-33|SC-7(5), LEVEL|1A, NESA|T4.5.4, NIAv2|GS1, NIAv2|GS2a, NIAv2|GS2b, NIAv2|GS7b, NIAv2|NS25, PCI-DSSv3.2.1|1.1, PCI-DSSv3.2.1|1.2, PCI-DSSv3.2.1|1.2.1, PCI-DSSv3.2.1|1.3, PCI-DSSv4.0|1.2.1, PCI-DSSv4.0|1.4.1, QCSC-v1|4.2, QCSC-v1|5.2.1, QCSC-v1|5.2.2, QCSC-v1|5.2.3, QCSC-v1|6.2, QCSC-v1|8.2.1, SWIFT-CSCv1|2.1, TBA-FIISB|43.1
A127: oracle_post.nessus | B127: 192.168.0.75 | C127: RB-NT-201.redbelt.com.br | D127: 21157 | E127: 0 | F127: CIS_Oracle_Linux_7_v4.0.0_L1_Server.audit | G127: 3.4.3.2 Ensure iptables are flushed with nftables | H127: PASSED | J127: PASSED | K127: nftables is a replacement for iptables, ip6tables, ebtables and arptables It is possible to mix iptables and nftables. However, this increases complexity and also the chance to introduce errors. For simplicity flush out all iptables rules, and ensure it is not loaded | L127: Run the following commands to flush iptables: For iptables: # iptables -F For ip6tables: # ip6tables -F | M127: https://workbench.cisecurity.org/benchmarks/15965 | N127: 800-171|3.13.1, 800-171|3.13.5, 800-171|3.13.6, 800-171r3|03.13.01, 800-171r3|03.13.06, 800-53|CA-9, 800-53|SC-7, 800-53|SC-7(5), 800-53r5|CA-9, 800-53r5|SC-7, 800-53r5|SC-7(5), CN-L3|7.1.2.2(c), CN-L3|8.1.10.6(j), CSCv7|9.4, CSCv8|4.4, CSF|DE.CM-1, CSF|ID.AM-3, CSF|PR.AC-5, CSF|PR.DS-5, CSF|PR.PT-4, CSF2.0|DE.CM-01, CSF2.0|ID.AM-03, CSF2.0|PR.DS-01, CSF2.0|PR.DS-02, CSF2.0|PR.DS-10, CSF2.0|PR.IR-01, GDPR|32.1.b, GDPR|32.1.d, GDPR|32.2, HIPAA|164.306(a)(1), ISO-27001-2022|A.5.14, ISO-27001-2022|A.8.16, ISO-27001-2022|A.8.20, ISO/IEC-27001|A.13.1.3, ITSG-33|SC-7, ITSG-33|SC-7(5), LEVEL|1M, NESA|T4.5.4, NIAv2|GS1, NIAv2|GS2a, NIAv2|GS2b, NIAv2|GS7b, NIAv2|NS25, PCI-DSSv3.2.1|1.1, PCI-DSSv3.2.1|1.2, PCI-DSSv3.2.1|1.2.1, PCI-DSSv3.2.1|1.3, PCI-DSSv4.0|1.2.1, PCI-DSSv4.0|1.4.1, QCSC-v1|4.2, QCSC-v1|5.2.1, QCSC-v1|5.2.2, QCSC-v1|5.2.3, QCSC-v1|6.2, QCSC-v1|8.2.1, SWIFT-CSCv1|2.1, TBA-FIISB|43.1
A128: oracle_post.nessus | B128: 192.168.0.75 | C128: RB-NT-201.redbelt.com.br | D128: 21157 | E128: 0 | F128: CIS_Oracle_Linux_7_v4.0.0_L1_Server.audit | G128: 3.4.3.3 Ensure an nftables table exists | H128: PASSED | J128: PASSED | K128: Tables hold chains. Each table only has one address family and only applies to packets of this family. Tables can have one of five families. nftables doesn't have any default tables. Without a table being build, nftables will not filter network traffic. | L128: Run the following command to create a table in nftables # nft create table inet <table name> Example: # nft create table inet filter Impact: Adding rules to a running nftables can cause loss of connectivity to the system | M128: https://workbench.cisecurity.org/benchmarks/15965 | N128: 800-171|3.13.1, 800-171|3.13.5, 800-171|3.13.6, 800-171r3|03.13.01, 800-171r3|03.13.06, 800-53|CA-9, 800-53|SC-7, 800-53|SC-7(5), 800-53r5|CA-9, 800-53r5|SC-7, 800-53r5|SC-7(5), CN-L3|7.1.2.2(c), CN-L3|8.1.10.6(j), CSCv7|9.4, CSCv8|4.4, CSF|DE.CM-1, CSF|ID.AM-3, CSF|PR.AC-5, CSF|PR.DS-5, CSF|PR.PT-4, CSF2.0|DE.CM-01, CSF2.0|ID.AM-03, CSF2.0|PR.DS-01, CSF2.0|PR.DS-02, CSF2.0|PR.DS-10, CSF2.0|PR.IR-01, GDPR|32.1.b, GDPR|32.1.d, GDPR|32.2, HIPAA|164.306(a)(1), ISO-27001-2022|A.5.14, ISO-27001-2022|A.8.16, ISO-27001-2022|A.8.20, ISO/IEC-27001|A.13.1.3, ITSG-33|SC-7, ITSG-33|SC-7(5), LEVEL|1A, NESA|T4.5.4, NIAv2|GS1, NIAv2|GS2a, NIAv2|GS2b, NIAv2|GS7b, NIAv2|NS25, PCI-DSSv3.2.1|1.1, PCI-DSSv3.2.1|1.2, PCI-DSSv3.2.1|1.2.1, PCI-DSSv3.2.1|1.3, PCI-DSSv4.0|1.2.1, PCI-DSSv4.0|1.4.1, QCSC-v1|4.2, QCSC-v1|5.2.1, QCSC-v1|5.2.2, QCSC-v1|5.2.3, QCSC-v1|6.2, QCSC-v1|8.2.1, SWIFT-CSCv1|2.1, TBA-FIISB|43.1
A129: oracle_post.nessus | B129: 192.168.0.75 | C129: RB-NT-201.redbelt.com.br | D129: 21157 | E129: 0 | F129: CIS_Oracle_Linux_7_v4.0.0_L1_Server.audit | G129: 3.4.3.4 Ensure nftables base chains exist | H129: PASSED | J129: PASSED | K129: Chains are containers for rules. They exist in two kinds, base chains and regular chains. A base chain is an entry point for packets from the networking stack, a regular chain may be used as jump target and is used for better rule organization. If a base chain doesn't exist with a hook for input, forward, and delete, packets that would flow through those chains will not be touched by nftables. | L129: Run the following command to create the base chains: # nft create chain inet <table name> <base chain name> { type filter hook <(input|forward|output)> priority 0 ; } Example: # nft create chain inet filter input { type filter hook input priority 0 ; } # nft create chain inet filter forward { type filter hook forward priority 0 ; } # nft create chain inet filter output { type filter hook output priority 0 ; } Impact: If configuring nftables over ssh, creating a base chain with a policy of drop will cause loss of connectivity. Ensure that a rule allowing ssh has been added to the base chain prior to setting the base chain's policy to drop | M129: https://workbench.cisecurity.org/benchmarks/15965 | N129: 800-171|3.13.1, 800-171|3.13.5, 800-171|3.13.6, 800-171r3|03.13.01, 800-171r3|03.13.06, 800-53|CA-9, 800-53|SC-7, 800-53|SC-7(5), 800-53r5|CA-9, 800-53r5|SC-7, 800-53r5|SC-7(5), CN-L3|7.1.2.2(c), CN-L3|8.1.10.6(j), CSCv7|9.4, CSCv8|4.4, CSF|DE.CM-1, CSF|ID.AM-3, CSF|PR.AC-5, CSF|PR.DS-5, CSF|PR.PT-4, CSF2.0|DE.CM-01, CSF2.0|ID.AM-03, CSF2.0|PR.DS-01, CSF2.0|PR.DS-02, CSF2.0|PR.DS-10, CSF2.0|PR.IR-01, GDPR|32.1.b, GDPR|32.1.d, GDPR|32.2, HIPAA|164.306(a)(1), ISO-27001-2022|A.5.14, ISO-27001-2022|A.8.16, ISO-27001-2022|A.8.20, ISO/IEC-27001|A.13.1.3, ITSG-33|SC-7, ITSG-33|SC-7(5), LEVEL|1A, NESA|T4.5.4, NIAv2|GS1, NIAv2|GS2a, NIAv2|GS2b, NIAv2|GS7b, NIAv2|NS25, PCI-DSSv3.2.1|1.1, PCI-DSSv3.2.1|1.2, PCI-DSSv3.2.1|1.2.1, PCI-DSSv3.2.1|1.3, PCI-DSSv4.0|1.2.1, PCI-DSSv4.0|1.4.1, QCSC-v1|4.2, QCSC-v1|5.2.1, QCSC-v1|5.2.2, QCSC-v1|5.2.3, QCSC-v1|6.2, QCSC-v1|8.2.1, SWIFT-CSCv1|2.1, TBA-FIISB|43.1
A130: oracle_post.nessus | B130: 192.168.0.75 | C130: RB-NT-201.redbelt.com.br | D130: 21157 | E130: 0 | F130: CIS_Oracle_Linux_7_v4.0.0_L1_Server.audit | G130: 3.4.3.5 Ensure nftables loopback traffic is configured | H130: PASSED | J130: PASSED | K130: Configure the loopback interface to accept traffic. Configure all other interfaces to deny traffic to the loopback network Loopback traffic is generated between processes on machine and is typically critical to operation of the system. The loopback interface is the only place that loopback network traffic should be seen, all other interfaces should ignore traffic on this network as an anti-spoofing measure. | L130: Run the following commands to implement the loopback rules: # nft add rule inet filter input iif lo accept # nft create rule inet filter input ip saddr 127.0.0.0/8 counter drop - IF - IPv6 is enabled: Run the following command to implement the IPv6 loopback rules: # nft add rule inet filter input ip6 saddr ::1 counter drop | M130: https://workbench.cisecurity.org/benchmarks/15965 | N130: 800-171|3.13.1, 800-171|3.13.5, 800-171|3.13.6, 800-171r3|03.13.01, 800-171r3|03.13.06, 800-53|CA-9, 800-53|SC-7, 800-53|SC-7(5), 800-53r5|CA-9, 800-53r5|SC-7, 800-53r5|SC-7(5), CN-L3|7.1.2.2(c), CN-L3|8.1.10.6(j), CSCv7|9.4, CSCv8|4.4, CSF|DE.CM-1, CSF|ID.AM-3, CSF|PR.AC-5, CSF|PR.DS-5, CSF|PR.PT-4, CSF2.0|DE.CM-01, CSF2.0|ID.AM-03, CSF2.0|PR.DS-01, CSF2.0|PR.DS-02, CSF2.0|PR.DS-10, CSF2.0|PR.IR-01, GDPR|32.1.b, GDPR|32.1.d, GDPR|32.2, HIPAA|164.306(a)(1), ISO-27001-2022|A.5.14, ISO-27001-2022|A.8.16, ISO-27001-2022|A.8.20, ISO/IEC-27001|A.13.1.3, ITSG-33|SC-7, ITSG-33|SC-7(5), LEVEL|1A, NESA|T4.5.4, NIAv2|GS1, NIAv2|GS2a, NIAv2|GS2b, NIAv2|GS7b, NIAv2|NS25, PCI-DSSv3.2.1|1.1, PCI-DSSv3.2.1|1.2, PCI-DSSv3.2.1|1.2.1, PCI-DSSv3.2.1|1.3, PCI-DSSv4.0|1.2.1, PCI-DSSv4.0|1.4.1, QCSC-v1|4.2, QCSC-v1|5.2.1, QCSC-v1|5.2.2, QCSC-v1|5.2.3, QCSC-v1|6.2, QCSC-v1|8.2.1, SWIFT-CSCv1|2.1, TBA-FIISB|43.1
A131: oracle_post.nessus | B131: 192.168.0.75 | C131: RB-NT-201.redbelt.com.br | D131: 21157 | E131: 0 | F131: CIS_Oracle_Linux_7_v4.0.0_L1_Server.audit | G131: 3.4.3.6 Ensure nftables outbound and established connections are configured | H131: PASSED | J131: PASSED | K131: Configure the firewall rules for new outbound and established connections If rules are not in place for new outbound and established connections, all packets will be dropped by the default policy preventing network usage. | L131: Configure nftables in accordance with site policy. The following commands will implement a policy to allow all outbound connections and all established connections: # nft add rule inet filter input ip protocol tcp ct state established accept # nft add rule inet filter input ip protocol udp ct state established accept # nft add rule inet filter input ip protocol icmp ct state established accept # nft add rule inet filter output ip protocol tcp ct state new,related,established accept # nft add rule inet filter output ip protocol udp ct state new,related,established accept # nft add rule inet filter output ip protocol icmp ct state new,related,established accept | M131: https://workbench.cisecurity.org/benchmarks/15965 | N131: 800-171|3.13.1, 800-171|3.13.5, 800-171|3.13.6, 800-171r3|03.13.01, 800-171r3|03.13.06, 800-53|CA-9, 800-53|SC-7, 800-53|SC-7(5), 800-53r5|CA-9, 800-53r5|SC-7, 800-53r5|SC-7(5), CN-L3|7.1.2.2(c), CN-L3|8.1.10.6(j), CSCv7|9.4, CSCv8|4.4, CSF|DE.CM-1, CSF|ID.AM-3, CSF|PR.AC-5, CSF|PR.DS-5, CSF|PR.PT-4, CSF2.0|DE.CM-01, CSF2.0|ID.AM-03, CSF2.0|PR.DS-01, CSF2.0|PR.DS-02, CSF2.0|PR.DS-10, CSF2.0|PR.IR-01, GDPR|32.1.b, GDPR|32.1.d, GDPR|32.2, HIPAA|164.306(a)(1), ISO-27001-2022|A.5.14, ISO-27001-2022|A.8.16, ISO-27001-2022|A.8.20, ISO/IEC-27001|A.13.1.3, ITSG-33|SC-7, ITSG-33|SC-7(5), LEVEL|1M, NESA|T4.5.4, NIAv2|GS1, NIAv2|GS2a, NIAv2|GS2b, NIAv2|GS7b, NIAv2|NS25, PCI-DSSv3.2.1|1.1, PCI-DSSv3.2.1|1.2, PCI-DSSv3.2.1|1.2.1, PCI-DSSv3.2.1|1.3, PCI-DSSv4.0|1.2.1, PCI-DSSv4.0|1.4.1, QCSC-v1|4.2, QCSC-v1|5.2.1, QCSC-v1|5.2.2, QCSC-v1|5.2.3, QCSC-v1|6.2, QCSC-v1|8.2.1, SWIFT-CSCv1|2.1, TBA-FIISB|43.1
A132: oracle_post.nessus | B132: 192.168.0.75 | C132: RB-NT-201.redbelt.com.br | D132: 21157 | E132: 0 | F132: CIS_Oracle_Linux_7_v4.0.0_L1_Server.audit | G132: 3.4.3.7 Ensure nftables default deny firewall policy | H132: PASSED | J132: PASSED | K132: Base chain policy is the default verdict that will be applied to packets reaching the end of the chain. There are two policies: accept (Default) and drop. If the policy is set to accept the firewall will accept any packet that is not configured to be denied and the packet will continue traversing the network stack. It is easier to white list acceptable usage than to black list unacceptable usage. Note: Changing firewall settings while connected over the network can result in being locked out of the system. | L132: Run the following command for the base chains with the input, forward, and output hooks to implement a default DROP policy: # nft chain <table family> <table name> <chain name> { policy drop ; } Example: # nft chain inet filter input { policy drop ; } # nft chain inet filter forward { policy drop ; } # nft chain inet filter output { policy drop ; } Impact: If configuring nftables over ssh, creating a base chain with a policy of drop will cause loss of connectivity. Ensure that a rule allowing ssh has been added to the base chain prior to setting the base chain's policy to drop | M132: https://workbench.cisecurity.org/benchmarks/15965 | N132: 800-171|3.13.1, 800-171|3.13.5, 800-171|3.13.6, 800-171r3|03.13.01, 800-171r3|03.13.06, 800-53|CA-9, 800-53|SC-7, 800-53|SC-7(5), 800-53r5|CA-9, 800-53r5|SC-7, 800-53r5|SC-7(5), CN-L3|7.1.2.2(c), CN-L3|8.1.10.6(j), CSCv7|9.4, CSCv8|4.4, CSF|DE.CM-1, CSF|ID.AM-3, CSF|PR.AC-5, CSF|PR.DS-5, CSF|PR.PT-4, CSF2.0|DE.CM-01, CSF2.0|ID.AM-03, CSF2.0|PR.DS-01, CSF2.0|PR.DS-02, CSF2.0|PR.DS-10, CSF2.0|PR.IR-01, GDPR|32.1.b, GDPR|32.1.d, GDPR|32.2, HIPAA|164.306(a)(1), ISO-27001-2022|A.5.14, ISO-27001-2022|A.8.16, ISO-27001-2022|A.8.20, ISO/IEC-27001|A.13.1.3, ITSG-33|SC-7, ITSG-33|SC-7(5), LEVEL|1A, NESA|T4.5.4, NIAv2|GS1, NIAv2|GS2a, NIAv2|GS2b, NIAv2|GS7b, NIAv2|NS25, PCI-DSSv3.2.1|1.1, PCI-DSSv3.2.1|1.2, PCI-DSSv3.2.1|1.2.1, PCI-DSSv3.2.1|1.3, PCI-DSSv4.0|1.2.1, PCI-DSSv4.0|1.4.1, QCSC-v1|4.2, QCSC-v1|5.2.1, QCSC-v1|5.2.2, QCSC-v1|5.2.3, QCSC-v1|6.2, QCSC-v1|8.2.1, SWIFT-CSCv1|2.1, TBA-FIISB|43.1
A133: oracle_post.nessus | B133: 192.168.0.75 | C133: RB-NT-201.redbelt.com.br | D133: 21157 | E133: 0 | F133: CIS_Oracle_Linux_7_v4.0.0_L1_Server.audit | G133: 3.4.3.8 Ensure nftables service is enabled and active | H133: PASSED | J133: PASSED | K133: The nftables service allows for the loading of nftables rulesets during boot, or starting on the nftables service The nftables service restores the nftables rules from the rules files referenced in the /etc/sysconfig/nftables.conf file during boot or the starting of the nftables service | L133: Run the following commands to unmask, enable and start nftables.service : # systemctl unmask nftables.service # systemctl --now enable nftables.service | M133: https://workbench.cisecurity.org/benchmarks/15965 | N133: 800-171|3.13.1, 800-171|3.13.5, 800-171|3.13.6, 800-171r3|03.13.01, 800-171r3|03.13.06, 800-53|CA-9, 800-53|SC-7, 800-53|SC-7(5), 800-53r5|CA-9, 800-53r5|SC-7, 800-53r5|SC-7(5), CN-L3|7.1.2.2(c), CN-L3|8.1.10.6(j), CSCv7|9.4, CSCv8|4.4, CSF|DE.CM-1, CSF|ID.AM-3, CSF|PR.AC-5, CSF|PR.DS-5, CSF|PR.PT-4, CSF2.0|DE.CM-01, CSF2.0|ID.AM-03, CSF2.0|PR.DS-01, CSF2.0|PR.DS-02, CSF2.0|PR.DS-10, CSF2.0|PR.IR-01, GDPR|32.1.b, GDPR|32.1.d, GDPR|32.2, HIPAA|164.306(a)(1), ISO-27001-2022|A.5.14, ISO-27001-2022|A.8.16, ISO-27001-2022|A.8.20, ISO/IEC-27001|A.13.1.3, ITSG-33|SC-7, ITSG-33|SC-7(5), LEVEL|1A, NESA|T4.5.4, NIAv2|GS1, NIAv2|GS2a, NIAv2|GS2b, NIAv2|GS7b, NIAv2|NS25, PCI-DSSv3.2.1|1.1, PCI-DSSv3.2.1|1.2, PCI-DSSv3.2.1|1.2.1, PCI-DSSv3.2.1|1.3, PCI-DSSv4.0|1.2.1, PCI-DSSv4.0|1.4.1, QCSC-v1|4.2, QCSC-v1|5.2.1, QCSC-v1|5.2.2, QCSC-v1|5.2.3, QCSC-v1|6.2, QCSC-v1|8.2.1, SWIFT-CSCv1|2.1, TBA-FIISB|43.1
A134: oracle_post.nessus | B134: 192.168.0.75 | C134: RB-NT-201.redbelt.com.br | D134: 21157 | E134: 0 | F134: CIS_Oracle_Linux_7_v4.0.0_L1_Server.audit | G134: 3.4.3.9 Ensure nftables rules are permanent | H134: PASSED | J134: PASSED | K134: nftables is a subsystem of the Linux kernel providing filtering and classification of network packets/datagrams/frames. The nftables service reads the /etc/sysconfig/nftables.conf file for a nftables file or files to include in the nftables ruleset. A nftables ruleset containing the input, forward, and output base chains allow network traffic to be filtered. Changes made to nftables ruleset only affect the live system, you will also need to configure the nftables ruleset to apply on boot | L134: Edit the /etc/sysconfig/nftables.conf file and un-comment or add a line with include <Absolute path to nftables rules file> for each nftables file you want included in the nftables ruleset on boot: Example: include "/etc/nftables/nftables.rules" | M134: https://workbench.cisecurity.org/benchmarks/15965 | N134: 800-171|3.13.1, 800-171|3.13.5, 800-171|3.13.6, 800-171r3|03.13.01, 800-171r3|03.13.06, 800-53|CA-9, 800-53|SC-7, 800-53|SC-7(5), 800-53r5|CA-9, 800-53r5|SC-7, 800-53r5|SC-7(5), CN-L3|7.1.2.2(c), CN-L3|8.1.10.6(j), CSCv7|9.4, CSCv8|4.4, CSF|DE.CM-1, CSF|ID.AM-3, CSF|PR.AC-5, CSF|PR.DS-5, CSF|PR.PT-4, CSF2.0|DE.CM-01, CSF2.0|ID.AM-03, CSF2.0|PR.DS-01, CSF2.0|PR.DS-02, CSF2.0|PR.DS-10, CSF2.0|PR.IR-01, GDPR|32.1.b, GDPR|32.1.d, GDPR|32.2, HIPAA|164.306(a)(1), ISO-27001-2022|A.5.14, ISO-27001-2022|A.8.16, ISO-27001-2022|A.8.20, ISO/IEC-27001|A.13.1.3, ITSG-33|SC-7, ITSG-33|SC-7(5), LEVEL|1A, NESA|T4.5.4, NIAv2|GS1, NIAv2|GS2a, NIAv2|GS2b, NIAv2|GS7b, NIAv2|NS25, PCI-DSSv3.2.1|1.1, PCI-DSSv3.2.1|1.2, PCI-DSSv3.2.1|1.2.1, PCI-DSSv3.2.1|1.3, PCI-DSSv4.0|1.2.1, PCI-DSSv4.0|1.4.1, QCSC-v1|4.2, QCSC-v1|5.2.1, QCSC-v1|5.2.2, QCSC-v1|5.2.3, QCSC-v1|6.2, QCSC-v1|8.2.1, SWIFT-CSCv1|2.1, TBA-FIISB|43.1
A135: oracle_post.nessus | B135: 192.168.0.75 | C135: RB-NT-201.redbelt.com.br | D135: 21157 | E135: 0 | F135: CIS_Oracle_Linux_7_v4.0.0_L1_Server.audit | G135: 3.4.4.1.1 Ensure iptables packages are installed | H135: PASSED | J135: PASSED | K135: iptables is a utility program that allows a system administrator to configure the tables provided by the Linux kernel firewall, implemented as different Netfilter modules, and the chains and rules it stores. Different kernel modules and programs are used for different protocols; iptables applies to IPv4, ip6tables to IPv6, arptables to ARP, and ebtables to Ethernet frames. A method of configuring and maintaining firewall rules is necessary to configure a Host Based Firewall. | L135: Run the following command to install iptables and iptables-services # yum install iptables iptables-services | M135: https://workbench.cisecurity.org/benchmarks/15965 | N135: 800-171|3.13.1, 800-171|3.13.5, 800-171|3.13.6, 800-171r3|03.13.01, 800-171r3|03.13.06, 800-53|CA-9, 800-53|SC-7, 800-53|SC-7(5), 800-53r5|CA-9, 800-53r5|SC-7, 800-53r5|SC-7(5), CN-L3|7.1.2.2(c), CN-L3|8.1.10.6(j), CSCv7|9.4, CSCv8|4.4, CSF|DE.CM-1, CSF|ID.AM-3, CSF|PR.AC-5, CSF|PR.DS-5, CSF|PR.PT-4, CSF2.0|DE.CM-01, CSF2.0|ID.AM-03, CSF2.0|PR.DS-01, CSF2.0|PR.DS-02, CSF2.0|PR.DS-10, CSF2.0|PR.IR-01, GDPR|32.1.b, GDPR|32.1.d, GDPR|32.2, HIPAA|164.306(a)(1), ISO-27001-2022|A.5.14, ISO-27001-2022|A.8.16, ISO-27001-2022|A.8.20, ISO/IEC-27001|A.13.1.3, ITSG-33|SC-7, ITSG-33|SC-7(5), LEVEL|1A, NESA|T4.5.4, NIAv2|GS1, NIAv2|GS2a, NIAv2|GS2b, NIAv2|GS7b, NIAv2|NS25, PCI-DSSv3.2.1|1.1, PCI-DSSv3.2.1|1.2, PCI-DSSv3.2.1|1.2.1, PCI-DSSv3.2.1|1.3, PCI-DSSv4.0|1.2.1, PCI-DSSv4.0|1.4.1, QCSC-v1|4.2, QCSC-v1|5.2.1, QCSC-v1|5.2.2, QCSC-v1|5.2.3, QCSC-v1|6.2, QCSC-v1|8.2.1, SWIFT-CSCv1|2.1, TBA-FIISB|43.1
A136: oracle_post.nessus | B136: 192.168.0.75 | C136: RB-NT-201.redbelt.com.br | D136: 21157 | E136: 0 | F136: CIS_Oracle_Linux_7_v4.0.0_L1_Server.audit | G136: 3.4.4.2.1 Ensure iptables loopback traffic is configured | H136: PASSED | J136: PASSED | K136: Configure the loopback interface to accept traffic. Configure all other interfaces to deny traffic to the loopback network (127.0.0.0/8). Loopback traffic is generated between processes on machine and is typically critical to operation of the system. The loopback interface is the only place that loopback network (127.0.0.0/8) traffic should be seen, all other interfaces should ignore traffic on this network as an anti-spoofing measure. Note: Changing firewall settings while connected over network can result in being locked out of the system. | L136: Run the following commands to implement the loopback rules: # iptables -A INPUT -i lo -j ACCEPT # iptables -A OUTPUT -o lo -j ACCEPT # iptables -A INPUT -s 127.0.0.0/8 -j DROP | M136: https://workbench.cisecurity.org/benchmarks/15965 | N136: 800-171|3.13.1, 800-171|3.13.5, 800-171|3.13.6, 800-171r3|03.13.01, 800-171r3|03.13.06, 800-53|CA-9, 800-53|SC-7, 800-53|SC-7(5), 800-53r5|CA-9, 800-53r5|SC-7, 800-53r5|SC-7(5), CN-L3|7.1.2.2(c), CN-L3|8.1.10.6(j), CSCv7|9.4, CSCv8|4.4, CSF|DE.CM-1, CSF|ID.AM-3, CSF|PR.AC-5, CSF|PR.DS-5, CSF|PR.PT-4, CSF2.0|DE.CM-01, CSF2.0|ID.AM-03, CSF2.0|PR.DS-01, CSF2.0|PR.DS-02, CSF2.0|PR.DS-10, CSF2.0|PR.IR-01, GDPR|32.1.b, GDPR|32.1.d, GDPR|32.2, HIPAA|164.306(a)(1), ISO-27001-2022|A.5.14, ISO-27001-2022|A.8.16, ISO-27001-2022|A.8.20, ISO/IEC-27001|A.13.1.3, ITSG-33|SC-7, ITSG-33|SC-7(5), LEVEL|1A, NESA|T4.5.4, NIAv2|GS1, NIAv2|GS2a, NIAv2|GS2b, NIAv2|GS7b, NIAv2|NS25, PCI-DSSv3.2.1|1.1, PCI-DSSv3.2.1|1.2, PCI-DSSv3.2.1|1.2.1, PCI-DSSv3.2.1|1.3, PCI-DSSv4.0|1.2.1, PCI-DSSv4.0|1.4.1, QCSC-v1|4.2, QCSC-v1|5.2.1, QCSC-v1|5.2.2, QCSC-v1|5.2.3, QCSC-v1|6.2, QCSC-v1|8.2.1, SWIFT-CSCv1|2.1, TBA-FIISB|43.1
A137: oracle_post.nessus | B137: 192.168.0.75 | C137: RB-NT-201.redbelt.com.br | D137: 21157 | E137: 0 | F137: CIS_Oracle_Linux_7_v4.0.0_L1_Server.audit | G137: 3.4.4.2.2 Ensure iptables outbound and established connections are configured | H137: PASSED | J137: PASSED | K137: Configure the firewall rules for new outbound, and established connections. If rules are not in place for new outbound, and established connections all packets will be dropped by the default policy preventing network usage. Note: Changing firewall settings while connected over network can result in being locked out of the system. | L137: Configure iptables in accordance with site policy. The following commands will implement a policy to allow all outbound connections and all established connections: # iptables -A OUTPUT -p tcp -m state --state NEW,ESTABLISHED -j ACCEPT # iptables -A OUTPUT -p udp -m state --state NEW,ESTABLISHED -j ACCEPT # iptables -A OUTPUT -p icmp -m state --state NEW,ESTABLISHED -j ACCEPT # iptables -A INPUT -p tcp -m state --state ESTABLISHED -j ACCEPT # iptables -A INPUT -p udp -m state --state ESTABLISHED -j ACCEPT # iptables -A INPUT -p icmp -m state --state ESTABLISHED -j ACCEPT | M137: https://workbench.cisecurity.org/benchmarks/15965 | N137: 800-171|3.13.1, 800-171|3.13.5, 800-171|3.13.6, 800-171r3|03.13.01, 800-171r3|03.13.06, 800-53|CA-9, 800-53|SC-7, 800-53|SC-7(5), 800-53r5|CA-9, 800-53r5|SC-7, 800-53r5|SC-7(5), CN-L3|7.1.2.2(c), CN-L3|8.1.10.6(j), CSCv7|9.4, CSCv8|4.4, CSF|DE.CM-1, CSF|ID.AM-3, CSF|PR.AC-5, CSF|PR.DS-5, CSF|PR.PT-4, CSF2.0|DE.CM-01, CSF2.0|ID.AM-03, CSF2.0|PR.DS-01, CSF2.0|PR.DS-02, CSF2.0|PR.DS-10, CSF2.0|PR.IR-01, GDPR|32.1.b, GDPR|32.1.d, GDPR|32.2, HIPAA|164.306(a)(1), ISO-27001-2022|A.5.14, ISO-27001-2022|A.8.16, ISO-27001-2022|A.8.20, ISO/IEC-27001|A.13.1.3, ITSG-33|SC-7, ITSG-33|SC-7(5), LEVEL|1M, NESA|T4.5.4, NIAv2|GS1, NIAv2|GS2a, NIAv2|GS2b, NIAv2|GS7b, NIAv2|NS25, PCI-DSSv3.2.1|1.1, PCI-DSSv3.2.1|1.2, PCI-DSSv3.2.1|1.2.1, PCI-DSSv3.2.1|1.3, PCI-DSSv4.0|1.2.1, PCI-DSSv4.0|1.4.1, QCSC-v1|4.2, QCSC-v1|5.2.1, QCSC-v1|5.2.2, QCSC-v1|5.2.3, QCSC-v1|6.2, QCSC-v1|8.2.1, SWIFT-CSCv1|2.1, TBA-FIISB|43.1
... A147: oracle_post.nessus | B147: 192.168.0.75 | C147: RB-NT-201.redbelt.com.br | D147: 21157 | E147: 0 | F147: CIS_Oracle_Linux_7_v4.0.0_L1_Server.audit | G147: 3.4.4.3.6 Ensure ip6tables is enabled and active | H147: PASSED | J147: PASSED | K147: ip6tables.service is a utility for configuring and maintaining ip6tables ip6tables.service will load the iptables rules saved in the file /etc/sysconfig/ip6tables at boot, otherwise the ip6tables rules will be cleared during a re-boot of the system. | L147: Run the following commands to unmask, enable and start ip6tables.service : # systemctl unmask ip6tables.service # systemctl --now start ip6tables.service | M147: https://workbench.cisecurity.org/benchmarks/15965 | N147: 800-171|3.13.1, 800-171|3.13.5, 800-171|3.13.6, 800-171r3|03.13.01, 800-171r3|03.13.06, 800-53|CA-9, 800-53|SC-7, 800-53|SC-7(5), 800-53r5|CA-9, 800-53r5|SC-7, 800-53r5|SC-7(5), CN-L3|7.1.2.2(c), CN-L3|8.1.10.6(j), CSCv7|9.4, CSCv8|4.4, CSF|DE.CM-1, CSF|ID.AM-3, CSF|PR.AC-5, CSF|PR.DS-5, CSF|PR.PT-4, CSF2.0|DE.CM-01, CSF2.0|ID.AM-03, CSF2.0|PR.DS-01, CSF2.0|PR.DS-02, CSF2.0|PR.DS-10, CSF2.0|PR.IR-01, GDPR|32.1.b, GDPR|32.1.d, GDPR|32.2, HIPAA|164.306(a)(1), ISO-27001-2022|A.5.14, ISO-27001-2022|A.8.16, ISO-27001-2022|A.8.20, ISO/IEC-27001|A.13.1.3, ITSG-33|SC-7, ITSG-33|SC-7(5), LEVEL|1A, NESA|T4.5.4, NIAv2|GS1, NIAv2|GS2a, NIAv2|GS2b, NIAv2|GS7b, NIAv2|NS25, PCI-DSSv3.2.1|1.1, PCI-DSSv3.2.1|1.2, PCI-DSSv3.2.1|1.2.1, PCI-DSSv3.2.1|1.3, PCI-DSSv4.0|1.2.1, PCI-DSSv4.0|1.4.1, QCSC-v1|4.2, QCSC-v1|5.2.1, QCSC-v1|5.2.2, QCSC-v1|5.2.3, QCSC-v1|6.2, QCSC-v1|8.2.1, SWIFT-CSCv1|2.1, TBA-FIISB|43.1
A148: oracle_post.nessus | B148: 192.168.0.75 | C148: RB-NT-201.redbelt.com.br | D148: 21157 | E148: 0 | F148: CIS_Oracle_Linux_7_v4.0.0_L1_Server.audit | G148: 4.1.1.1 Ensure cron daemon is enabled and active | H148: PASSED | I148: All of the following must pass to satisfy this requirement: ------------------------- PASSED - cron daemon is enabled The command '/bin/systemctl is-enabled crond' returned : enabled ------------------------- PASSED - cron daemon is active The command '/bin/systemctl is-active crond' returned : active | J148: PASSED | K148: The cron daemon is used to execute batch jobs on the system. While there may not be user jobs that need to be run on the system, the system does have maintenance jobs that may include security monitoring that have to run, and cron is used to execute them. Note: IF systemd timers are configured and used for scheduled tasks, this recommendation may be skipped | L148: Run the following commands to unmask, enable, and start crond : # systemctl unmask crond # systemctl --now enable crond | M148: https://workbench.cisecurity.org/benchmarks/15965 | N148: 800-171|3.4.2, 800-171r3|03.04.02a., 800-53|CM-6b., 800-53r5|CM-6b., CN-L3|8.1.10.6(d), CSF|PR.IP-1, CSF2.0|DE.CM-09, CSF2.0|PR.PS-01, GDPR|32.1.b, HIPAA|164.306(a)(1), ISO-27001-2022|A.8.9, ITSG-33|CM-6b., LEVEL|1A, NESA|T3.2.1, SWIFT-CSCv1|2.3
A149: oracle_post.nessus | B149: 192.168.0.75 | C149: RB-NT-201.redbelt.com.br | D149: 21157 | E149: 0 | F149: CIS_Oracle_Linux_7_v4.0.0_L1_Server.audit | G149: 4.1.1.2 Ensure permissions on /etc/crontab are configured | H149: PASSED | I149: The file /etc/crontab with fmode owner: root group: root mode: 0600 uid: 0 gid: 0 uneven permissions : FALSE is compliant with the policy value /etc/crontab | J149: file: /etc/crontab group: root mask: 177 owner: root | K149: The /etc/crontab file is used by cron to control its own jobs. The commands in this item make sure that root is the user and group owner of the file and that only the owner can access the file. This file contains information on what system jobs are run by cron. Write access to these files could provide unprivileged users with the ability to elevate their privileges. Read access to these files could provide users with the ability to gain insight on system jobs that run on the system and could provide them a way to gain unauthorized privileged access. | L149: Run the following commands to set ownership and permissions on /etc/crontab : # chown root:root /etc/crontab # chmod og-rwx /etc/crontab | M149: https://workbench.cisecurity.org/benchmarks/15965 | N149: 800-171|3.1.1, 800-171|3.1.4, 800-171|3.1.5, 800-171|3.8.1, 800-171|3.8.2, 800-171|3.8.3, 800-171r3|03.01.02, 800-171r3|03.01.04, 800-171r3|03.01.05a., 800-171r3|03.08.02, 800-53|AC-3, 800-53|AC-5, 800-53|AC-6, 800-53|MP-2, 800-53r5|AC-3, 800-53r5|AC-5, 800-53r5|AC-6, 800-53r5|MP-2, CN-L3|7.1.3.2(b), CN-L3|7.1.3.2(g), CN-L3|8.1.4.2(d), CN-L3|8.1.4.2(f), CN-L3|8.1.4.11(b), CN-L3|8.1.10.2(c), CN-L3|8.1.10.6(a), CN-L3|8.5.3.1, CN-L3|8.5.4.1(a), CSCv7|14.6, CSCv8|3.3, CSF|PR.AC-4, CSF|PR.DS-5, CSF|PR.PT-2, CSF|PR.PT-3, CSF2.0|PR.AA-05, CSF2.0|PR.DS-10, CSF2.0|PR.IR-01, GDPR|32.1.b, HIPAA|164.306(a)(1), HIPAA|164.312(a)(1), ISO-27001-2022|A.5.3, ISO-27001-2022|A.5.10, ISO-27001-2022|A.5.15, ISO-27001-2022|A.5.33, ISO-27001-2022|A.7.7, ISO-27001-2022|A.7.10, ISO-27001-2022|A.8.2, ISO-27001-2022|A.8.3, ISO-27001-2022|A.8.18, ISO-27001-2022|A.8.20, ISO/IEC-27001|A.6.1.2, ISO/IEC-27001|A.9.4.1, ISO/IEC-27001|A.9.4.5, ITSG-33|AC-3, ITSG-33|AC-5, ITSG-33|AC-6, ITSG-33|MP-2, ITSG-33|MP-2a., LEVEL|1A, NESA|T1.3.2, NESA|T1.3.3, NESA|T1.4.1, NESA|T4.2.1, NESA|T5.1.1, NESA|T5.2.2, NESA|T5.4.1, NESA|T5.4.4, NESA|T5.4.5, NESA|T5.5.4, NESA|T5.6.1, NESA|T7.5.2, NESA|T7.5.3, NIAv2|AM1, NIAv2|AM3, NIAv2|AM23f, NIAv2|SS13c, NIAv2|SS15c, NIAv2|SS29, PCI-DSSv3.2.1|7.1.2, PCI-DSSv4.0|7.2.1, PCI-DSSv4.0|7.2.2, QCSC-v1|3.2, QCSC-v1|5.2.2, QCSC-v1|6.2, QCSC-v1|13.2, SWIFT-CSCv1|5.1, TBA-FIISB|31.1, TBA-FIISB|31.4.2, TBA-FIISB|31.4.3
A150: oracle_post.nessus | B150: 192.168.0.75 | C150: RB-NT-201.redbelt.com.br | D150: 21157 | E150: 0 | F150: CIS_Oracle_Linux_7_v4.0.0_L1_Server.audit | G150: 4.1.1.3 Ensure permissions on /etc/cron.hourly are configured | H150: PASSED | I150: The file /etc/cron.hourly with fmode owner: root group: root mode: 0700 uid: 0 gid: 0 uneven permissions : FALSE is compliant with the policy value /etc/cron.hourly | J150: file: /etc/cron.hourly group: root mask: 077 owner: root | K150: This directory contains system cron jobs that need to run on an hourly basis. The files in this directory cannot be manipulated by the crontab command, but are instead edited by system administrators using a text editor. The commands below restrict read/write and search access to user and group root, preventing regular users from accessing this directory. Granting write access to this directory for non-privileged users could provide them the means for gaining unauthorized elevated privileges. Granting read access to this directory could give an unprivileged user insight in how to gain elevated privileges or circumvent auditing controls. | L150: Run the following commands to set ownership and permissions on the /etc/cron.hourly directory: # chown root:root /etc/cron.hourly/ # chmod og-rwx /etc/cron.hourly/ | M150: https://workbench.cisecurity.org/benchmarks/15965 | N150: 800-171|3.1.1, 800-171|3.1.4, 800-171|3.1.5, 800-171|3.8.1, 800-171|3.8.2, 800-171|3.8.3, 800-171r3|03.01.02, 800-171r3|03.01.04, 800-171r3|03.01.05a., 800-171r3|03.08.02, 800-53|AC-3, 800-53|AC-5, 800-53|AC-6, 800-53|MP-2, 800-53r5|AC-3, 800-53r5|AC-5, 800-53r5|AC-6, 800-53r5|MP-2, CN-L3|7.1.3.2(b), CN-L3|7.1.3.2(g), CN-L3|8.1.4.2(d), CN-L3|8.1.4.2(f), CN-L3|8.1.4.11(b), CN-L3|8.1.10.2(c), CN-L3|8.1.10.6(a), CN-L3|8.5.3.1, CN-L3|8.5.4.1(a), CSCv7|14.6, CSCv8|3.3, CSF|PR.AC-4, CSF|PR.DS-5, CSF|PR.PT-2, CSF|PR.PT-3, CSF2.0|PR.AA-05, CSF2.0|PR.DS-10, CSF2.0|PR.IR-01, GDPR|32.1.b, HIPAA|164.306(a)(1), HIPAA|164.312(a)(1), ISO-27001-2022|A.5.3, ISO-27001-2022|A.5.10, ISO-27001-2022|A.5.15, ISO-27001-2022|A.5.33, ISO-27001-2022|A.7.7, ISO-27001-2022|A.7.10, ISO-27001-2022|A.8.2, ISO-27001-2022|A.8.3, ISO-27001-2022|A.8.18, ISO-27001-2022|A.8.20, ISO/IEC-27001|A.6.1.2, ISO/IEC-27001|A.9.4.1, ISO/IEC-27001|A.9.4.5, ITSG-33|AC-3, ITSG-33|AC-5, ITSG-33|AC-6, ITSG-33|MP-2, ITSG-33|MP-2a., LEVEL|1A, NESA|T1.3.2, NESA|T1.3.3, NESA|T1.4.1, NESA|T4.2.1, NESA|T5.1.1, NESA|T5.2.2, NESA|T5.4.1, NESA|T5.4.4, NESA|T5.4.5, NESA|T5.5.4, NESA|T5.6.1, NESA|T7.5.2, NESA|T7.5.3, NIAv2|AM1, NIAv2|AM3, NIAv2|AM23f, NIAv2|SS13c, NIAv2|SS15c, NIAv2|SS29, PCI-DSSv3.2.1|7.1.2, PCI-DSSv4.0|7.2.1, PCI-DSSv4.0|7.2.2, QCSC-v1|3.2, QCSC-v1|5.2.2, QCSC-v1|6.2, QCSC-v1|13.2, SWIFT-CSCv1|5.1, TBA-FIISB|31.1, TBA-FIISB|31.4.2, TBA-FIISB|31.4.3
A151: oracle_post.nessus | B151: 192.168.0.75 | C151: RB-NT-201.redbelt.com.br | D151: 21157 | E151: 0 | F151: CIS_Oracle_Linux_7_v4.0.0_L1_Server.audit | G151: 4.1.1.4 Ensure permissions on /etc/cron.daily are configured | H151: PASSED | I151: The file /etc/cron.daily with fmode owner: root group: root mode: 0700 uid: 0 gid: 0 uneven permissions : FALSE is compliant with the policy value /etc/cron.daily | J151: file: /etc/cron.daily group: root mask: 077 owner: root | K151: The /etc/cron.daily directory contains system cron jobs that need to run on a daily basis. The files in this directory cannot be manipulated by the crontab command, but are instead edited by system administrators using a text editor. The commands below restrict read/write and search access to user and group root, preventing regular users from accessing this directory. Granting write access to this directory for non-privileged users could provide them the means for gaining unauthorized elevated privileges. Granting read access to this directory could give an unprivileged user insight in how to gain elevated privileges or circumvent auditing controls. | L151: Run the following commands to set ownership and permissions on the /etc/cron.daily directory: # chown root:root /etc/cron.daily/ # chmod og-rwx /etc/cron.daily/ | M151: https://workbench.cisecurity.org/benchmarks/15965 | N151: 800-171|3.1.1, 800-171|3.1.4, 800-171|3.1.5, 800-171|3.8.1, 800-171|3.8.2, 800-171|3.8.3, 800-171r3|03.01.02, 800-171r3|03.01.04, 800-171r3|03.01.05a., 800-171r3|03.08.02, 800-53|AC-3, 800-53|AC-5, 800-53|AC-6, 800-53|MP-2, 800-53r5|AC-3, 800-53r5|AC-5, 800-53r5|AC-6, 800-53r5|MP-2, CN-L3|7.1.3.2(b), CN-L3|7.1.3.2(g), CN-L3|8.1.4.2(d), CN-L3|8.1.4.2(f), CN-L3|8.1.4.11(b), CN-L3|8.1.10.2(c), CN-L3|8.1.10.6(a), CN-L3|8.5.3.1, CN-L3|8.5.4.1(a), CSCv7|14.6, CSCv8|3.3, CSF|PR.AC-4, CSF|PR.DS-5, CSF|PR.PT-2, CSF|PR.PT-3, CSF2.0|PR.AA-05, CSF2.0|PR.DS-10, CSF2.0|PR.IR-01, GDPR|32.1.b, HIPAA|164.306(a)(1), HIPAA|164.312(a)(1), ISO-27001-2022|A.5.3, ISO-27001-2022|A.5.10, ISO-27001-2022|A.5.15, ISO-27001-2022|A.5.33, ISO-27001-2022|A.7.7, ISO-27001-2022|A.7.10, ISO-27001-2022|A.8.2, ISO-27001-2022|A.8.3, ISO-27001-2022|A.8.18, ISO-27001-2022|A.8.20, ISO/IEC-27001|A.6.1.2, ISO/IEC-27001|A.9.4.1, ISO/IEC-27001|A.9.4.5, ITSG-33|AC-3, ITSG-33|AC-5, ITSG-33|AC-6, ITSG-33|MP-2, ITSG-33|MP-2a., LEVEL|1A, NESA|T1.3.2, NESA|T1.3.3, NESA|T1.4.1, NESA|T4.2.1, NESA|T5.1.1, NESA|T5.2.2, NESA|T5.4.1, NESA|T5.4.4, NESA|T5.4.5, NESA|T5.5.4, NESA|T5.6.1, NESA|T7.5.2, NESA|T7.5.3, NIAv2|AM1, NIAv2|AM3, NIAv2|AM23f, NIAv2|SS13c, NIAv2|SS15c, NIAv2|SS29, PCI-DSSv3.2.1|7.1.2, PCI-DSSv4.0|7.2.1, PCI-DSSv4.0|7.2.2, QCSC-v1|3.2, QCSC-v1|5.2.2, QCSC-v1|6.2, QCSC-v1|13.2, SWIFT-CSCv1|5.1, TBA-FIISB|31.1, TBA-FIISB|31.4.2, TBA-FIISB|31.4.3
A152: oracle_post.nessus | B152: 192.168.0.75 | C152: RB-NT-201.redbelt.com.br | D152: 21157 | E152: 0 | F152: CIS_Oracle_Linux_7_v4.0.0_L1_Server.audit | G152: 4.1.1.5 Ensure permissions on /etc/cron.weekly are configured | H152: PASSED | I152: The file /etc/cron.weekly with fmode owner: root group: root mode: 0700 uid: 0 gid: 0 uneven permissions : FALSE is compliant with the policy value /etc/cron.weekly | J152: file: /etc/cron.weekly group: root mask: 077 owner: root | K152: The /etc/cron.weekly directory contains system cron jobs that need to run on a weekly basis. The files in this directory cannot be manipulated by the crontab command, but are instead edited by system administrators using a text editor. The commands below restrict read/write and search access to user and group root, preventing regular users from accessing this directory. Granting write access to this directory for non-privileged users could provide them the means for gaining unauthorized elevated privileges. Granting read access to this directory could give an unprivileged user insight in how to gain elevated privileges or circumvent auditing controls. | L152: Run the following commands to set ownership and permissions on the /etc/cron.weekly directory: # chown root:root /etc/cron.weekly/ # chmod og-rwx /etc/cron.weekly/ | M152: https://workbench.cisecurity.org/benchmarks/15965 | N152: 800-171|3.1.1, 800-171|3.1.4, 800-171|3.1.5, 800-171|3.8.1, 800-171|3.8.2, 800-171|3.8.3, 800-171r3|03.01.02, 800-171r3|03.01.04, 800-171r3|03.01.05a., 800-171r3|03.08.02, 800-53|AC-3, 800-53|AC-5, 800-53|AC-6, 800-53|MP-2, 800-53r5|AC-3, 800-53r5|AC-5, 800-53r5|AC-6, 800-53r5|MP-2, CN-L3|7.1.3.2(b), CN-L3|7.1.3.2(g), CN-L3|8.1.4.2(d), CN-L3|8.1.4.2(f), CN-L3|8.1.4.11(b), CN-L3|8.1.10.2(c), CN-L3|8.1.10.6(a), CN-L3|8.5.3.1, CN-L3|8.5.4.1(a), CSCv7|14.6, CSCv8|3.3, CSF|PR.AC-4, CSF|PR.DS-5, CSF|PR.PT-2, CSF|PR.PT-3, CSF2.0|PR.AA-05, CSF2.0|PR.DS-10, CSF2.0|PR.IR-01, GDPR|32.1.b, HIPAA|164.306(a)(1), HIPAA|164.312(a)(1), ISO-27001-2022|A.5.3, ISO-27001-2022|A.5.10, ISO-27001-2022|A.5.15, ISO-27001-2022|A.5.33, ISO-27001-2022|A.7.7, ISO-27001-2022|A.7.10, ISO-27001-2022|A.8.2, ISO-27001-2022|A.8.3, ISO-27001-2022|A.8.18, ISO-27001-2022|A.8.20, ISO/IEC-27001|A.6.1.2, ISO/IEC-27001|A.9.4.1, ISO/IEC-27001|A.9.4.5, ITSG-33|AC-3, ITSG-33|AC-5, ITSG-33|AC-6, ITSG-33|MP-2, ITSG-33|MP-2a., LEVEL|1A, NESA|T1.3.2, NESA|T1.3.3, NESA|T1.4.1, NESA|T4.2.1, NESA|T5.1.1, NESA|T5.2.2, NESA|T5.4.1, NESA|T5.4.4, NESA|T5.4.5, NESA|T5.5.4, NESA|T5.6.1, NESA|T7.5.2, NESA|T7.5.3, NIAv2|AM1, NIAv2|AM3, NIAv2|AM23f, NIAv2|SS13c, NIAv2|SS15c, NIAv2|SS29, PCI-DSSv3.2.1|7.1.2, PCI-DSSv4.0|7.2.1, PCI-DSSv4.0|7.2.2, QCSC-v1|3.2, QCSC-v1|5.2.2, QCSC-v1|6.2, QCSC-v1|13.2, SWIFT-CSCv1|5.1, TBA-FIISB|31.1, TBA-FIISB|31.4.2, TBA-FIISB|31.4.3
A153: oracle_post.nessus | B153: 192.168.0.75 | C153: RB-NT-201.redbelt.com.br | D153: 21157 | E153: 0 | F153: CIS_Oracle_Linux_7_v4.0.0_L1_Server.audit | G153: 4.1.1.6 Ensure permissions on /etc/cron.monthly are configured | H153: PASSED | I153: The file /etc/cron.monthly with fmode owner: root group: root mode: 0700 uid: 0 gid: 0 uneven permissions : FALSE is compliant with the policy value /etc/cron.monthly | J153: file: /etc/cron.monthly group: root mask: 077 owner: root | K153: The /etc/cron.monthly directory contains system cron jobs that need to run on a monthly basis. The files in this directory cannot be manipulated by the crontab command, but are instead edited by system administrators using a text editor. The commands below restrict read/write and search access to user and group root, preventing regular users from accessing this directory. Granting write access to this directory for non-privileged users could provide them the means for gaining unauthorized elevated privileges. Granting read access to this directory could give an unprivileged user insight in how to gain elevated privileges or circumvent auditing controls. | L153: Run the following commands to set ownership and permissions on the /etc/cron.monthly directory: # chown root:root /etc/cron.monthly/ # chmod og-rwx /etc/cron.monthly/ | M153: https://workbench.cisecurity.org/benchmarks/15965 | N153: 800-171|3.1.1, 800-171|3.1.4, 800-171|3.1.5, 800-171|3.8.1, 800-171|3.8.2, 800-171|3.8.3, 800-171r3|03.01.02, 800-171r3|03.01.04, 800-171r3|03.01.05a., 800-171r3|03.08.02, 800-53|AC-3, 800-53|AC-5, 800-53|AC-6, 800-53|MP-2, 800-53r5|AC-3, 800-53r5|AC-5, 800-53r5|AC-6, 800-53r5|MP-2, CN-L3|7.1.3.2(b), CN-L3|7.1.3.2(g), CN-L3|8.1.4.2(d), CN-L3|8.1.4.2(f), CN-L3|8.1.4.11(b), CN-L3|8.1.10.2(c), CN-L3|8.1.10.6(a), CN-L3|8.5.3.1, CN-L3|8.5.4.1(a), CSCv7|14.6, CSCv8|3.3, CSF|PR.AC-4, CSF|PR.DS-5, CSF|PR.PT-2, CSF|PR.PT-3, CSF2.0|PR.AA-05, CSF2.0|PR.DS-10, CSF2.0|PR.IR-01, GDPR|32.1.b, HIPAA|164.306(a)(1), HIPAA|164.312(a)(1), ISO-27001-2022|A.5.3, ISO-27001-2022|A.5.10, ISO-27001-2022|A.5.15, ISO-27001-2022|A.5.33, ISO-27001-2022|A.7.7, ISO-27001-2022|A.7.10, ISO-27001-2022|A.8.2, ISO-27001-2022|A.8.3, ISO-27001-2022|A.8.18, ISO-27001-2022|A.8.20, ISO/IEC-27001|A.6.1.2, ISO/IEC-27001|A.9.4.1, ISO/IEC-27001|A.9.4.5, ITSG-33|AC-3, ITSG-33|AC-5, ITSG-33|AC-6, ITSG-33|MP-2, ITSG-33|MP-2a., LEVEL|1A, NESA|T1.3.2, NESA|T1.3.3, NESA|T1.4.1, NESA|T4.2.1, NESA|T5.1.1, NESA|T5.2.2, NESA|T5.4.1, NESA|T5.4.4, NESA|T5.4.5, NESA|T5.5.4, NESA|T5.6.1, NESA|T7.5.2, NESA|T7.5.3, NIAv2|AM1, NIAv2|AM3, NIAv2|AM23f, NIAv2|SS13c, NIAv2|SS15c, NIAv2|SS29, PCI-DSSv3.2.1|7.1.2, PCI-DSSv4.0|7.2.1, PCI-DSSv4.0|7.2.2, QCSC-v1|3.2, QCSC-v1|5.2.2, QCSC-v1|6.2, QCSC-v1|13.2, SWIFT-CSCv1|5.1, TBA-FIISB|31.1, TBA-FIISB|31.4.2, TBA-FIISB|31.4.3
